"iteration","null_r"
1,0.0161690507303185
2,-0.104650921135617
3,-0.0610932364921921
4,0.0346719654372863
5,-0.0404350309249248
6,0.244968539475879
7,-0.0247855714041001
8,0.187612676687115
9,0.14531708458746
10,0.0670047057595379
11,0.139911754794508
12,0.142879464261204
13,-0.128562843079511
14,-0.293179435120688
15,0.0424057127423359
16,-0.167315965380393
17,0.0330142991485971
18,-0.185185258665352
19,0.0982429729493669
20,0.045714363261582
21,0.07758083628743
22,-0.220813374628695
23,-0.0173159556205182
24,0.26165655140408
25,0.179930980541006
26,-0.105997048257418
27,-0.129889631629062
28,-0.239480271001796
29,0.037659115683959
30,0.016339287832346
31,-0.153062174839941
32,0.0982333432641159
33,0.0725506542560917
34,-0.219896201490193
35,-0.0808437888628121
36,0.00215845286324177
37,0.0380600755769789
38,-0.080516645148178
39,0.347709198502677
40,0.199799781608132
41,-0.0896186051452177
42,-0.0696823612562204
43,0.0351098705029104
44,0.0583317474416214
45,0.132740390578093
46,0.12532478748769
47,0.101745749195662
48,-0.159367219200483
49,0.132029498330098
50,0.345382115205229
51,0.0810674425567197
52,0.259435437952036
53,0.107684094673654
54,-0.076503500191781
55,0.215717394873291
56,-0.23328476209734
57,0.224131016233488
58,0.0596514107906991
59,0.0551087132094172
60,0.14225676181973
61,-0.0566334643032882
62,0.0873805025963447
63,0.350807285485977
64,-0.234658928587994
65,-0.255863426475265
66,0.190907140285234
67,-0.038912777795981
68,-0.104715793790853
69,0.102721019863216
70,-0.183659590616522
71,0.0535421152782715
72,0.0451155600015677
73,-0.0094021305473366
74,0.0239690793396842
75,-0.0811363603995705
76,-0.132096144324265
77,-0.00990212683555842
78,-0.0984059962142515
79,-0.0414189440263241
80,-0.212855130281518
81,-0.144371329266478
82,-0.123372954381608
83,0.0575400486381102
84,0.0857940498070471
85,-0.194330715367342
86,-0.0910804731044857
87,-0.0337615367675136
88,-0.246365832872839
89,0.0660024315827749
90,0.0261455004142792
91,0.00849652667179612
92,-0.0758598115443521
93,-0.0569144451418421
94,0.0273538698760569
95,-0.0175348621840573
96,0.17400170685208
97,-0.00723623269894494
98,0.261174024255867
99,-0.152485842448406
100,0.00854765913212873
101,0.0928131584008266
102,-0.0886313043245581
103,-0.208684387495353
104,0.159763514886782
105,0.203062347379212
106,-0.0736319656255318
107,0.0914389609440062
108,0.0489862264095224
109,-0.184622808512992
110,0.042100479008717
111,0.0669114860166208
112,0.184635984699167
113,0.0171150813610343
114,0.2527939499376
115,0.00395462361883649
116,0.219438974462143
117,-0.178683533108198
118,-0.071524888063748
119,-0.245176288065923
120,0.297283544184649
121,-0.187341748538398
122,0.0503845587437775
123,0.0782942984036184
124,-0.189107603183355
125,-0.192559284679818
126,0.140178213344792
127,0.109760058799413
128,0.17763720746891
129,-0.169373573376437
130,-0.254865066102339
131,-0.00615884783301669
132,0.16972989273671
133,-0.128098386692893
134,0.0231563670145425
135,-0.0719827917572694
136,-0.00114174343261275
137,-0.0461924106778496
138,-0.185297893981807
139,0.265225102516066
140,0.212970615651828
141,-0.134781055075698
142,-0.0156415628913913
143,0.170135324225578
144,0.0884295197446041
145,0.00448203224585284
146,0.364343921494859
147,-0.173806169002766
148,-0.0429115654219467
149,-0.081179434645561
150,0.00988310450219525
151,0.131758076268128
152,0.092599989381424
153,0.135344359123415
154,0.106957857068563
155,0.0940610009536128
156,-0.125341290538762
157,0.221650858749859
158,-0.129606734235959
159,0.228508127436018
160,0.304208536367724
161,-0.067681617789183
162,0.124578184927832
163,-0.100775344632781
164,-0.0426089525371517
165,0.111619656762708
166,-0.167900197374101
167,-0.107441661287278
168,-0.0634444405117687
169,0.0283681131205664
170,0.282728856262434
171,0.132542070763321
172,0.0928909021149398
173,-0.101529298667188
174,0.0338010660388253
175,0.18334016584145
176,0.13801536053565
177,0.0166009068988196
178,0.102823377714239
179,-0.0162706760452557
180,-0.0386867337063807
181,-0.0469577974914762
182,-0.138882955473776
183,-0.139298691660344
184,0.155490615777361
185,-0.0243268173446023
186,-0.162769306705917
187,-0.0800272812254399
188,-0.317017282930181
189,0.0537086573626246
190,0.11252914527011
191,0.289491104602007
192,0.0087274068563107
193,0.0996977066532051
194,-0.276971335448118
195,0.0239430000899645
196,0.053974427167622
197,-0.248413699282813
198,-0.00293036008611912
199,0.212657656310144
200,0.0226594306067405
201,-0.0108346989423372
202,-0.0545704805045916
203,0.137603669850122
204,-0.034414063741361
205,-0.148340824406769
206,0.0832827145159845
207,-0.0504658482281209
208,0.00560938056014604
209,0.0591872478201613
210,0.0266027641842991
211,-0.122234667785113
212,-0.072090654761921
213,-0.00442749403098334
214,0.045791795706669
215,0.107316588223956
216,0.123367920156908
217,0.31814635478307
218,0.240387174538277
219,0.0782414170512645
220,0.00620322447179292
221,0.07003498031879
222,0.109051002611335
223,0.167614099277427
224,-0.216268878947331
225,0.0162932726749815
226,-0.236837285761249
227,-0.00602963078574909
228,-0.218051994461715
229,0.0189270918680196
230,-0.0808695104438985
231,0.0902386355972648
232,0.278791557987546
233,0.169034303030693
234,0.181877589322592
235,-0.224306319186954
236,0.157556603839052
237,0.382456609418207
238,0.111532010480489
239,0.146454786939126
240,0.0478774490610288
241,-0.119430586004011
242,0.178643094037913
243,0.135227502084485
244,0.0590626364678095
245,-0.0194751430276727
246,0.123806187683699
247,0.225553599024862
248,0.0900306630360045
249,0.213564666619818
250,-0.0879038213557523
251,-0.137920391761231
252,0.0555305493118394
253,-0.0464615474058734
254,-0.00597689264109699
255,0.181386572044673
256,0.146634032847799
257,0.126554360915681
258,-0.0213789408098009
259,0.292246444169351
260,-0.111331454204995
261,0.0037074701866831
262,-0.122803505902023
263,0.145020123926568
264,-0.172132579351627
265,0.224253971194547
266,0.160600312965268
267,-0.176668496914543
268,0.204806573723578
269,0.212533279130456
270,0.0985843802180646
271,-0.0808373676841269
272,0.270661741259215
273,0.131997230710794
274,0.0926268238799719
275,-0.0708147772899666
276,-0.128803390477042
277,0.175668400216849
278,0.288818059501691
279,-0.0206231934823153
280,0.191358717406742
281,0.0119326144851047
282,-0.0214164391269763
283,-0.144842301650454
284,-0.24232925978956
285,0.114110830496802
286,-0.256204111619375
287,0.270703449150707
288,0.101325982636257
289,-0.115321938071732
290,-0.0338605116973359
291,-0.0594561258735779
292,0.429496224818864
293,-0.0886261947776713
294,0.099684500878695
295,0.0728611302906772
296,-0.0120106792816753
297,0.0733820126722753
298,-0.16154406406033
299,0.126114354353846
300,0.144082444282667
301,0.021980414335151
302,0.115617651807263
303,0.182095851993633
304,0.0487385924719591
305,0.00764453717221936
306,0.0711154439124294
307,-0.0737450407175106
308,0.0519445513852276
309,-0.21066359749263
310,-0.160681012252688
311,-0.366033500907983
312,0.00802762578944646
313,0.396483528522055
314,0.0373514351648942
315,0.113936557758269
316,-0.0821964305151742
317,0.0743744202056822
318,0.0841515164178321
319,0.0246941521505279
320,0.259683083691417
321,-0.00203347346569253
322,0.165312083314901
323,0.200653212295502
324,-0.186716378698389
325,0.198309750786405
326,0.094583873562119
327,-0.0325255576203449
328,0.0868064377492738
329,0.0125116352547463
330,-0.42345528574778
331,0.251046514299733
332,0.0644971708099504
333,0.100224641074181
334,-0.0171602972304272
335,0.0447347709176044
336,0.301729304863109
337,0.0763032734937903
338,0.0234001330743193
339,0.0333308179492774
340,0.00911616493845349
341,-0.00403777811069186
342,0.12018504533007
343,0.200842983775485
344,0.385577849189425
345,-0.0482105678747022
346,-0.0635470136230613
347,0.0920223016505936
348,0.186946678959362
349,0.0133123892843159
350,0.0334832289982554
351,0.0932059220953835
352,0.0323858837097036
353,0.218132869948356
354,-0.0599965015962955
355,-0.14313491773877
356,-0.00474842741867463
357,-0.166514852283631
358,0.0921705817275891
359,0.102382301387562
360,-0.060592986143295
361,-0.0121899882707091
362,-0.0583675859483497
363,0.032574818851657
364,-0.161390922017772
365,0.0114854818930289
366,0.131541051986435
367,-0.281377784537471
368,0.223734999074172
369,0.0184186163569766
370,0.149012835475662
371,0.0830589138198061
372,-0.0262607107063536
373,0.145190140216883
374,0.0222916285736662
375,-0.273908797614884
376,0.427131471713251
377,-0.0719103349236655
378,0.0177619554283496
379,0.318869042514135
380,-0.168778474013657
381,-0.0491699913784253
382,0.0620346961031359
383,0.0371608319662309
384,0.344697776043616
385,-0.184110022758512
386,-0.115866399828558
387,0.0475038994259613
388,-0.0748396955975002
389,-0.0112993178578658
390,-0.0442774096051646
391,-0.0126627200556966
392,0.100314094645866
393,0.0143656640422128
394,-0.235073503794866
395,-0.0411112194366818
396,0.0258438204375171
397,0.0962943022378364
398,-0.0351183499187164
399,-0.0535868109462601
400,0.156628983584177
401,0.0464862178527384
402,-0.0076242149815183
403,0.0596832454666957
404,-0.00510681960705395
405,-0.194346088895153
406,0.097808597153299
407,-0.0293335100490224
408,-0.103112210051095
409,-0.251869122232853
410,0.229814365379648
411,0.180386453148012
412,0.103048794928277
413,-0.114587978038304
414,0.109927438397124
415,0.133563880721407
416,-0.103899433736706
417,0.0527075610678764
418,0.10777163033617
419,-0.104875204029949
420,-0.274162245107188
421,-0.17688743392057
422,0.254449063683835
423,0.193065495700436
424,-0.179166279679635
425,0.195007292806627
426,-0.331138070055264
427,-0.112365701182575
428,0.243766200293447
429,-0.0548470564062281
430,0.358811953568182
431,0.067976451286044
432,-0.120066458399569
433,-0.0768338435975506
434,0.0720972964905532
435,0.0843485659084166
436,0.223327562819389
437,-0.0556953306587004
438,0.117023976013174
439,0.101382283037563
440,-0.0233954574929589
441,-0.261295983546298
442,0.0536200235991542
443,0.170265430271233
444,0.0111105283235426
445,-0.00949107427905432
446,0.0670612592172624
447,-0.190875535140194
448,0.0211251798239428
449,-0.0012295207214205
450,0.170121913225413
451,-0.268330143709878
452,-0.031766306345679
453,0.163633048142749
454,0.0680663014024217
455,0.0384207340169604
456,-0.234988218264564
457,0.138614358968305
458,0.144936965549878
459,0.00200003780113941
460,0.0191776071657577
461,-0.0924394666245126
462,-0.085206702689482
463,0.148172794476057
464,-0.00926932707083583
465,-0.0914318331415765
466,-0.0985444054741562
467,-0.0495451110401429
468,-0.174884962210249
469,0.208275702565898
470,-0.362495193687912
471,-0.0713315954953868
472,-0.0767834273059048
473,0.159419884588183
474,0.282369251534493
475,-0.32609030651303
476,-0.040990968661418
477,-0.382270936683305
478,0.0247615039162543
479,0.00356803800938309
480,0.195336187254656
481,-0.0335019316653347
482,0.197794334481483
483,-0.0199101726472381
484,-0.168561581617062
485,-0.0595165398087957
486,0.0438955977151344
487,-0.00703126031531089
488,-0.0716011271758932
489,-0.15593495092532
490,-0.0397759593169014
491,-0.134288305648357
492,0.171929731106996
493,0.134234858188488
494,-0.304225262237702
495,-0.0166570058460073
496,0.157804975152496
497,0.0264774160839388
498,0.199296711644523
499,0.262144568651283
500,-0.11436734811426
501,-0.187440787488526
502,-0.077696091318566
503,-0.00763480983944053
504,-0.0472925165936323
505,0.0733284270820369
506,0.223963821700904
507,0.0746399837432773
508,-0.18065575233154
509,0.0922016090371286
510,-0.0225221778212639
511,-0.0913134905176644
512,-0.288147829656852
513,0.0931205837982207
514,-0.0367483212873595
515,0.0349575764662843
516,-0.0490996115998638
517,0.0279363616595334
518,-0.0212146545873089
519,-0.0868950590395605
520,0.18978986102006
521,0.0476078308892529
522,-0.277330716468095
523,-0.0628021559466486
524,0.00503889733683935
525,0.226159932042477
526,0.219404203754631
527,-0.0836478282972835
528,-0.157404414215782
529,0.279865005944335
530,-0.0380949663341287
531,-0.173225617284884
532,0.174263143809637
533,-0.201529020746461
534,0.0485462960531668
535,0.163233624681539
536,-0.0429583613008596
537,-0.105406734460244
538,0.203755397853048
539,-0.0560817877883782
540,0.105502327575311
541,-0.50722662941742
542,-0.1480540673836
543,0.100237209900697
544,-0.245240664108497
545,-0.0258692492570906
546,-0.0405787906782444
547,-0.178133267637669
548,0.165606960054129
549,0.0855795755793039
550,-0.0110985359408484
551,0.0967695915186438
552,-0.00901795256514816
553,-0.163093111727426
554,0.257329997027082
555,0.258769167925313
556,-0.0702814098528341
557,-0.292763662313833
558,-0.0544205805971737
559,-0.184010751543881
560,0.000122667196833667
561,0.054376899055693
562,-0.0932017271412427
563,-0.14549376905392
564,0.126660100808156
565,0.0867269935082286
566,0.0156694360935527
567,-0.0728156577592435
568,-0.0843471791632653
569,0.0686955017125576
570,0.0269810982845311
571,0.128327955991716
572,-0.0185144598880791
573,-0.10614511770926
574,0.100662131812855
575,-0.150269090727853
576,-0.183548463032766
577,0.053822209173138
578,-0.0985661259760973
579,0.0662371921621208
580,-0.043755733505665
581,0.129598389099404
582,0.0108668411071673
583,-0.213687625093676
584,-0.333190332467642
585,-0.194096981750823
586,0.276204273775928
587,0.19010970429504
588,-0.0687117182686008
589,0.00905007339010069
590,0.110542040886918
591,-0.276367810338595
592,-0.00909616278716094
593,0.0846823635002319
594,-0.0873028846943842
595,0.178319691769995
596,0.0444969719106903
597,0.0971097752034682
598,-0.0873419754086616
599,-0.0296645191109246
600,-0.141881594390937
601,0.15726045357216
602,-0.172197316751805
603,-0.0130674671548257
604,-0.130852348861701
605,-0.185952593000081
606,-0.0121231982511175
607,0.0687486133262097
608,-0.153626137026154
609,-0.18348529890012
610,-0.0938267601611226
611,0.0934323153900251
612,0.262246297281356
613,-0.0537250495859086
614,0.165878786527348
615,-0.0606951518474122
616,0.168338351406945
617,-0.195350918421015
618,0.182458914354958
619,0.136664792726746
620,0.0636052352103858
621,-0.16152406004424
622,-0.217515912772291
623,-0.140070617493585
624,0.105786854591691
625,-0.152886543822555
626,0.0712380610219815
627,0.271629221940069
628,-0.150977856934489
629,0.0268234020662268
630,0.0133745065536841
631,0.0526059840996044
632,0.102538441301621
633,-0.162271015593189
634,-0.0969310668799885
635,-0.152047449182602
636,-0.3308170084136
637,0.025884582596745
638,0.0072711448223315
639,-0.0330674556686325
640,-0.0749622258046274
641,0.0292723385692724
642,-0.116246577086586
643,-0.0553953074220917
644,0.0874416830478476
645,-0.0763019618231225
646,0.180376603972397
647,0.0132414498080129
648,0.0633760706986279
649,0.108755612343979
650,0.0263510971067439
651,0.125259477320539
652,0.206942483644965
653,0.219907756450649
654,-0.0595005112216931
655,0.208740606976295
656,0.204923093722
657,-0.0268156785086372
658,-0.123601209094882
659,-0.0542733186906079
660,-0.221986618596675
661,0.0891043224745658
662,0.027044902008756
663,-0.208026178413586
664,0.244962586419529
665,0.146688493058319
666,0.287451856616312
667,-0.185264852358725
668,-0.279223258531239
669,-0.148910250780771
670,-0.0712502076402264
671,-0.14177852844164
672,-0.0982607908098956
673,0.0344365935648246
674,-0.0135113686648201
675,-0.0543777091373891
676,-0.151137903172683
677,-0.0419639323939451
678,-0.182718886145114
679,-0.17682856011631
680,-0.299259659487698
681,0.0598500386346526
682,0.0277736664010836
683,-0.0978677370130554
684,0.0338760269572127
685,-0.237898093750208
686,0.0345933817210094
687,-0.246057167451753
688,0.0962774038816016
689,-0.139178612477226
690,-0.0407504415767877
691,0.00734033075498423
692,0.0508585135545598
693,0.180190578578632
694,-0.38427047826999
695,0.126247526432752
696,0.133595022059878
697,0.0647277760316422
698,-0.0718950347358054
699,0.127399421436835
700,-0.154645430251533
701,-0.0544087793247673
702,0.160288061211252
703,-0.132853216976964
704,-0.00976447727428512
705,-0.12225875674312
706,-0.0651820966410224
707,0.0923541209099539
708,-0.193557344329359
709,0.229980578365903
710,0.000548676107147525
711,0.037104974731786
712,0.0196052884867683
713,0.2243240626481
714,-0.214114087429473
715,0.00922419583134685
716,-0.178300087434571
717,-0.116625324109277
718,0.0491344891592759
719,0.0694963722939793
720,-0.0449783316326183
721,0.0786848644882378
722,-0.285691475967849
723,0.00599301299900212
724,0.0661225883736553
725,-0.293812938867442
726,-0.0280630324781023
727,0.00572475268261722
728,0.00458963534760799
729,-0.0867682194957172
730,-0.0744928813537833
731,-0.0283527053954063
732,-0.0333827392531561
733,0.0420844789697016
734,-0.145234815493087
735,-0.00659194727516436
736,-0.0826185008721463
737,-0.253439603591929
738,-0.249123368185328
739,0.0538370783245237
740,-0.21896971157372
741,-0.137930115481744
742,0.282837084424441
743,0.0746955076013807
744,-0.088204576887317
745,-0.0827209139319884
746,-0.28984659484994
747,0.0905017254221558
748,0.244703030541716
749,0.0221874092703867
750,-0.101821047458407
751,0.0957510475813481
752,-0.000711570380060873
753,-0.152343763421717
754,-0.0509689533302018
755,-0.0380635595317568
756,-0.248828604012118
757,-0.185148341222885
758,-0.213122901288179
759,-0.140047812051702
760,0.0862476136047645
761,0.148335872624789
762,0.0342414108224232
763,0.0350560505481148
764,0.0530125099174773
765,-0.0538270458697142
766,0.163243583879173
767,-0.0422756589251915
768,-0.106459485727704
769,-0.048521690035613
770,0.336139815683133
771,0.00669382134407276
772,-0.0548124929292897
773,-0.0610322131285755
774,-0.183424321461426
775,0.0118873025586421
776,0.119874315983988
777,0.015451102789511
778,0.0959073295121497
779,0.0805961643023327
780,0.12652869200186
781,-0.270819875679516
782,-0.0977385044417184
783,-0.0404015607411757
784,0.0017525330374024
785,0.153469148803141
786,0.0144521203570551
787,-0.225137870158002
788,-0.171878155634618
789,-0.111387801108869
790,0.217346780414768
791,-0.00128436265454888
792,0.0184362109428258
793,0.00399403650939126
794,-0.177253888595001
795,-0.0431438195995246
796,0.0168796118572065
797,0.141147400627056
798,0.143872825550206
799,0.146301897969582
800,-0.00840109577221748
801,-0.133725291818536
802,0.0565446490353025
803,-0.165136295006902
804,-0.0769096557969465
805,0.0369484004432945
806,-0.00784472170362589
807,-0.126866803976988
808,0.097445014319858
809,0.397253576836119
810,0.108900337854628
811,0.116909854490301
812,-0.11067380388668
813,-0.120928356502388
814,0.167162287662731
815,0.10005221979913
816,0.127266619144263
817,0.0649947950167624
818,-0.133069359588123
819,-0.0522347055254829
820,-0.126491103375425
821,-0.112375953554601
822,0.0370733751054774
823,-0.267288143323446
824,0.200876300431215
825,-0.00576627224867728
826,-0.125500397316925
827,0.0528974499312689
828,0.107746276842257
829,-0.224885525990948
830,-0.113101306026706
831,0.20166080915026
832,0.121936141811354
833,0.260503365152448
834,0.0820998307019225
835,0.285352457378443
836,0.176760344240991
837,0.0869289219847734
838,-0.0467549148083343
839,0.242856529271365
840,0.194675899903506
841,0.013070880019235
842,-0.144532668806142
843,-0.073917346442151
844,0.174543495551619
845,0.217999158018666
846,0.185511607779009
847,0.177287097669386
848,-0.119686786793205
849,0.112441448183716
850,-0.0257726547596108
851,-0.13687273650111
852,-0.139196041651795
853,-0.0427803101856324
854,0.142686846039177
855,-0.1521100162613
856,0.0148237685024646
857,-0.191638243061761
858,-0.322986016394599
859,0.34514469515404
860,-0.00863568774839314
861,-0.0160438937935476
862,0.129718201700283
863,-0.317717292601247
864,0.0638289726207705
865,-0.0489922909127833
866,0.115958665011405
867,0.0545695952206283
868,0.160155665117954
869,0.043022548070112
870,-0.194697145009565
871,-0.0619035692485976
872,-0.0526924525091236
873,-0.0570731292816409
874,0.271230363717663
875,-0.0587277727242495
876,-0.166892518065535
877,-0.145904871714407
878,0.052445527767916
879,0.107425040553164
880,0.191795933668392
881,-0.0240088538192782
882,-0.193615280679147
883,0.0636120963295394
884,0.122775408856672
885,0.198760937630912
886,-0.265158452170829
887,-0.0243669051542732
888,-0.0152817947437474
889,0.148714981611148
890,0.00857481544725755
891,-0.0349457844113808
892,-0.0488505744049701
893,0.0694903745827339
894,-0.0954224516179943
895,-0.280238823859646
896,0.00817497203753367
897,0.0987793134265533
898,0.120390563030084
899,0.103194011682464
900,0.19006123059946
901,0.282392784067163
902,0.0874286081147645
903,0.0187130783024688
904,0.199955512012571
905,-0.0171848672854956
906,0.269426881792446
907,0.0329073295168835
908,-0.0878751972390231
909,-0.12384202620434
910,-0.145405161240351
911,0.337063991101582
912,0.304422203017264
913,-0.0233590827013929
914,0.288664735324799
915,-0.0476924291079218
916,0.00698958006199342
917,0.0185054805044447
918,0.0491490820181146
919,-0.107597528023087
920,0.0801396198570421
921,-0.171335531363588
922,-0.101357277203853
923,0.223193536847137
924,-0.0301668203352368
925,0.0365383701187306
926,-0.107203757432571
927,-0.0153466187460293
928,-0.065880191459535
929,-0.0213456473763703
930,-0.242373523797337
931,0.0157079998449277
932,-0.0947791271824555
933,0.16038053970154
934,-0.0761484542183254
935,0.159954696507051
936,0.0293254973918218
937,-0.159026506757908
938,-0.198001266904575
939,-0.240452324256848
940,0.125941552318759
941,-0.056485332182747
942,0.156162636972418
943,-0.0700593805102639
944,0.0759225044639365
945,-0.245769491144186
946,-0.198653654151636
947,-0.104762574871515
948,0.0934699561308103
949,0.232886954261952
950,0.0905935538314455
951,0.0437598509430279
952,-0.131875122493383
953,-0.130999783610894
954,-0.0729752560207304
955,0.0681883705350097
956,0.125537423477371
957,0.200775214408853
958,0.142514091325713
959,-0.114471495345475
960,-0.124356000968009
961,-0.155455209638862
962,-0.00271808247071165
963,0.323348367608945
964,-0.150504187931773
965,0.0431896396876378
966,-0.0158095774552705
967,0.119046797293847
968,-0.029703430355554
969,0.0902800184803066
970,-0.0247516553119063
971,0.0220238953296145
972,0.132154076032152
973,0.212247734399079
974,-0.16291663237632
975,-0.0745052599862146
976,0.107592839575261
977,0.0541290866701238
978,0.129003384290197
979,-0.203445231285064
980,0.101330058855007
981,0.0184078650586217
982,-0.018009930905968
983,0.0586351863177241
984,-0.0134471006570568
985,-0.166041396186822
986,-0.0122180889759675
987,0.222978900580569
988,-0.269239086994499
989,0.193818788160653
990,0.0989043781048786
991,-0.308799523845148
992,0.131363596178642
993,-0.0172056661483846
994,0.15097113682216
995,-0.156003107095443
996,-0.275731690460018
997,-0.206900858566541
998,0.0208326301322185
999,-0.0931095145147493
1000,-0.0742493890004305
1001,-0.0348023445823781
1002,-0.0226853289514359
1003,0.253131638194394
1004,0.115479555339464
1005,-0.124980580616002
1006,0.0051318276284294
1007,0.147308249019521
1008,-0.107772459237442
1009,0.0059934315491356
1010,0.0552433523695917
1011,-0.106790293884324
1012,-0.0130283925697894
1013,0.0871052401107292
1014,0.0508903795952801
1015,7.81942784220356e-05
1016,0.119770326696673
1017,0.0705933013880323
1018,0.06382514313566
1019,-0.0481217641760926
1020,-0.359468230422961
1021,-0.0969345842549295
1022,0.112518690850855
1023,-0.183575399252125
1024,-0.0374726564550699
1025,-0.199866828277269
1026,-0.115739834812446
1027,-0.154058614796521
1028,-0.0199833054800121
1029,-0.0316116637106605
1030,-0.245052424912106
1031,0.0151008319639897
1032,0.232126418997898
1033,0.0329127022633112
1034,-0.077848982286533
1035,-0.139802417069275
1036,0.377261784537605
1037,-0.180454894805234
1038,0.34339239138194
1039,-0.17006769179596
1040,-0.0774745124889769
1041,-0.120779414740944
1042,0.160566287295923
1043,-0.0899123486683589
1044,0.114129093893389
1045,-0.0810200683283135
1046,-0.0163571496852972
1047,-0.125642698168031
1048,-0.115553477727953
1049,-0.107564564013129
1050,0.028206385518442
1051,-0.100621822422169
1052,-0.0199894834734822
1053,-0.0490827890087801
1054,0.0919771328622224
1055,0.0259944936961329
1056,-0.00469206579676516
1057,0.102180673761364
1058,-0.0876383510562839
1059,0.00942554718098481
1060,0.205678228289286
1061,0.121761644475631
1062,0.305029768857767
1063,0.0433030852886587
1064,0.109392038350596
1065,0.0184235907285091
1066,-0.160083378576323
1067,0.141557770371002
1068,-0.0692979334419856
1069,0.0912079357122328
1070,-0.276276125790901
1071,-0.191675992182155
1072,0.0859821061782704
1073,0.388044544984329
1074,-0.1239003921885
1075,0.0553024231498364
1076,-0.0452516667843327
1077,-0.0401042340157468
1078,-0.0957723610886956
1079,0.110945773765849
1080,0.420144732811765
1081,-0.00700327831352505
1082,-0.34498124546348
1083,-0.0618688547219607
1084,-0.266854117377523
1085,0.0935817615152117
1086,0.016143836080232
1087,-0.150050131698968
1088,0.200619157914325
1089,-0.105643727379684
1090,-0.0287304811762029
1091,-0.236104482398727
1092,0.19565802773262
1093,-0.255327374345
1094,-0.280098288384775
1095,-0.0819540693470439
1096,-0.281545295654723
1097,0.0526212208003854
1098,0.158755941896151
1099,-2.08703957538872e-05
1100,-0.0727914161251194
1101,0.014773664900752
1102,0.0985237711957707
1103,0.206425319286685
1104,0.0693420544575442
1105,-0.104625941580334
1106,0.0861465952733011
1107,-0.129275841706644
1108,0.336874557267646
1109,0.0020894299242536
1110,-0.2808797258209
1111,-0.023086818901458
1112,-0.215873923622947
1113,-0.151119831548374
1114,0.0193147131105894
1115,-0.030704712623792
1116,-0.22447675533406
1117,0.195755757097063
1118,0.199358275150331
1119,-0.104964534132271
1120,-0.017885071332988
1121,0.0434292587771292
1122,0.147991144454413
1123,0.0698666179689746
1124,-0.00837751725078363
1125,-0.00105262799287625
1126,-0.0030086675477918
1127,-0.00795672567692009
1128,-0.0274233423391618
1129,-0.0660745244947057
1130,-0.0105073732576964
1131,-0.310808556450561
1132,-0.0549067741511789
1133,-0.0919911912803188
1134,0.0279751980845288
1135,0.123147588686912
1136,-0.0889502551992963
1137,0.0194307444006841
1138,-0.00792694600309272
1139,-0.256173934035879
1140,0.0161858620819702
1141,-0.161486188620147
1142,0.023967581788875
1143,-0.0190359503053845
1144,-0.139385921426778
1145,-0.116262338329717
1146,-0.182910810595369
1147,0.050817619380052
1148,-0.0318353881512451
1149,-0.192275936817281
1150,-0.142546631772799
1151,-0.0921608466377882
1152,-0.068723741308251
1153,-0.176733903829079
1154,0.180013119146895
1155,-0.226343108153612
1156,-0.170049066613837
1157,0.113809831775598
1158,0.142842363082646
1159,0.0808227359095456
1160,-0.220336708170463
1161,-0.0856368561962718
1162,-0.120306719748367
1163,0.261351801276263
1164,-0.0879649758087516
1165,0.0411276877932499
1166,-0.162759722486212
1167,0.0726664330064698
1168,-0.122218604330767
1169,-0.186975260957289
1170,-0.191412055562718
1171,0.21265971638709
1172,0.119181442131928
1173,-0.290235189771001
1174,-0.0404502936772797
1175,0.11494627651212
1176,0.00201048465204071
1177,-0.157711848694829
1178,0.207422948261621
1179,-0.0671893746549286
1180,0.073993267333705
1181,-0.0264299234100433
1182,0.0782373544069038
1183,0.00864400913856317
1184,0.026076850853435
1185,-0.0242398774199742
1186,0.0159665050121366
1187,-0.131920735864967
1188,0.176450119757147
1189,-0.137059047328425
1190,-0.124588852307665
1191,-0.195427901888219
1192,0.0277417434088101
1193,0.11159692126808
1194,-0.123986966107945
1195,0.0173100198205222
1196,0.138480877708159
1197,-0.0717637045218601
1198,-0.110559920402529
1199,-0.124532016645371
1200,0.207074791029871
1201,-0.047345925871635
1202,0.250308454101392
1203,0.232573411455997
1204,0.171765871856123
1205,-0.275450523100476
1206,-0.14291933173263
1207,-0.0996881051246038
1208,0.0125843211178666
1209,-0.133477308014163
1210,-0.0746717301788459
1211,-0.0304830903692225
1212,-0.133768938227423
1213,0.0562042261059923
1214,0.0845524058388316
1215,0.184211490154871
1216,-0.376144314836199
1217,-0.111711728917628
1218,0.115580389940364
1219,-0.0917337154585328
1220,-0.0426983668925699
1221,-0.0625181699806005
1222,0.0772661755411302
1223,-0.119177048938021
1224,0.246905345583208
1225,0.137978154874954
1226,-0.197364766833812
1227,0.232807817499287
1228,-0.0164533089646709
1229,0.029746555090374
1230,-0.0770765846279473
1231,0.133382949626027
1232,0.165392393598064
1233,-0.00503141384410552
1234,-0.0858498370166066
1235,0.109968106417371
1236,0.0806765954616832
1237,-0.107531285607469
1238,0.227654881319037
1239,0.363613267661102
1240,-0.20227349329437
1241,0.0720161614917605
1242,0.147876327267736
1243,-0.120078302264693
1244,0.024123276100285
1245,0.232843260098028
1246,-0.227292210788689
1247,0.17687876272031
1248,0.162024855013459
1249,0.119606032401756
1250,0.138057067741545
1251,0.0390111562503259
1252,0.115372500734914
1253,0.216671182506354
1254,0.0174953681823277
1255,-0.000875835532063614
1256,-0.235040118363316
1257,0.278120403311515
1258,0.00604608594867161
1259,-0.149388626004859
1260,-0.0685691544765512
1261,0.222137171146031
1262,-0.285494885103249
1263,0.286220702713245
1264,-0.320689548571639
1265,-0.0278208086033197
1266,0.0210878069493094
1267,0.0609007499378939
1268,-0.0100209676332374
1269,-0.0683556406446404
1270,0.169007967791018
1271,-0.0603886139919879
1272,-0.13288906403577
1273,0.26039430148607
1274,-0.127345156532319
1275,-0.186211492648326
1276,0.211513100541687
1277,0.163666128901739
1278,0.240886706684085
1279,-0.0078790777844848
1280,0.155430647891231
1281,0.111315847683349
1282,0.160943737246048
1283,0.259767600933704
1284,0.0427996197837885
1285,-0.0229202270792625
1286,0.0483479839356686
1287,-0.0528721691391515
1288,-0.00619626435338592
1289,-0.135524176273876
1290,-0.0457158846133886
1291,-0.190420660704639
1292,-0.0659448186578035
1293,0.0350809594265717
1294,-0.0937143500624038
1295,-0.0303237024567325
1296,0.156947172275191
1297,0.234238362973283
1298,-0.128787862638786
1299,-0.0067848357629178
1300,-0.100038911695632
1301,0.107947738516508
1302,-0.0450457377587626
1303,0.105653272692683
1304,0.119321687599146
1305,0.166443332139195
1306,-0.19179176224801
1307,0.00062038056235899
1308,-0.0452889483910498
1309,-0.0436530843036324
1310,0.367986245226169
1311,0.154839602032938
1312,0.0129283730223352
1313,-0.109766049283906
1314,-0.0436128633844939
1315,-0.068745011105428
1316,-0.0224235771497552
1317,-0.199834254152546
1318,-0.115066252693969
1319,-0.0620395577529611
1320,0.067738158964685
1321,0.132224030526854
1322,-0.163047867746168
1323,0.278482316806888
1324,0.0190975348596125
1325,0.0424244461261261
1326,-0.0406527320162043
1327,0.217959335192812
1328,0.195464821096714
1329,0.219524842397772
1330,0.0150485456472431
1331,-0.149653302689109
1332,-0.0108258574701038
1333,0.107408306399791
1334,-0.118861746786387
1335,-0.1612496792139
1336,0.0746418676116713
1337,0.181124340465445
1338,-0.00234164069533861
1339,0.012627220126029
1340,-0.0424820168898579
1341,0.171327643366146
1342,0.15456115669141
1343,-0.15202416128381
1344,0.18224961914942
1345,-0.217379735487072
1346,0.184435364168942
1347,-0.170118153413143
1348,0.120993049554582
1349,0.192650076083034
1350,-0.266374472818501
1351,-0.196555659671703
1352,0.102356392997511
1353,-0.134033788155505
1354,0.0187111562152429
1355,-0.0954629461630963
1356,0.0329151968069516
1357,-0.0356802116674994
1358,-0.269965776936539
1359,0.0350895640088337
1360,0.238740335533395
1361,0.117171988313715
1362,-0.122089942592974
1363,0.145514261400723
1364,-0.196034845276805
1365,0.199036604027081
1366,0.0286708569369496
1367,-0.0784490521175646
1368,0.0911463982434335
1369,0.0152012226675576
1370,0.13120589076624
1371,0.117030321197134
1372,0.166855518722695
1373,0.205579479497965
1374,0.0546410881262864
1375,0.301303833643662
1376,-0.101281534037266
1377,-0.140672199493852
1378,-0.064084645433469
1379,-0.173292097201679
1380,-0.0866971244968528
1381,0.119774752896733
1382,-0.0941483312447344
1383,-0.146783188713006
1384,-0.372291071370297
1385,0.065569182231287
1386,-0.0645149875598116
1387,0.173954188448562
1388,0.0948854325542863
1389,0.311626854584241
1390,-0.190710653351453
1391,-0.0304503598369274
1392,0.0411896572721717
1393,0.208078590826788
1394,-0.00959820485154106
1395,0.0536086712307322
1396,-0.0248834457374774
1397,0.366166468103411
1398,-0.0256490481207033
1399,0.253432805295543
1400,0.293734506302007
1401,-0.228671070735182
1402,-0.172501066478289
1403,0.051317019375431
1404,-0.143845184613782
1405,0.0815190272265541
1406,-0.253286734466072
1407,0.0375825742775706
1408,0.185744088938994
1409,-0.164602580405303
1410,0.0200373991826228
1411,-0.0339600704870698
1412,0.189333547320739
1413,-0.108115972296932
1414,0.097317364086813
1415,0.329364281688171
1416,0.226739178206182
1417,0.0037987438229635
1418,0.00988283145638191
1419,-0.111122429761805
1420,0.0664185742929062
1421,-0.126282826839357
1422,0.183921967866796
1423,0.199383976123981
1424,0.00316096563967459
1425,-0.118545547622093
1426,0.0642080012424327
1427,-0.157018714024892
1428,-0.146667119365598
1429,-0.0483356791710868
1430,-0.00238257542286503
1431,0.0271491211391952
1432,0.0845275893486741
1433,-0.200127999548228
1434,0.00314039372401073
1435,-0.0126598365723575
1436,0.0798036094309373
1437,0.0678490988993262
1438,0.206074594851276
1439,-0.195835066013784
1440,-0.0266286982675361
1441,0.108879557228085
1442,0.127639605172546
1443,0.122375998836148
1444,0.0504561472653751
1445,0.118242360539585
1446,-0.0464638026237606
1447,-0.0708154757772214
1448,0.0838560017959774
1449,0.0416857991176133
1450,0.205722630434802
1451,-0.0161281500444796
1452,-0.00865775089062207
1453,-0.0860240818109253
1454,-0.00115216271762748
1455,-0.119908071542157
1456,0.139430800223162
1457,0.0134184550233032
1458,-0.103096125395698
1459,0.164289091936734
1460,0.195851461433614
1461,-0.163526607721412
1462,0.165909693357419
1463,0.0935181665746447
1464,-0.0956242507273551
1465,0.0614888688049117
1466,0.182406491916321
1467,0.166190231106321
1468,0.29207513335719
1469,-0.0388437416973371
1470,0.353866403275827
1471,-0.195479826314379
1472,0.0879680518183071
1473,-0.0206726786944104
1474,-0.122289047966408
1475,0.234812967427501
1476,0.195183122550265
1477,0.0496232868398527
1478,-0.144322455275431
1479,-0.047692795766299
1480,0.195168471705943
1481,-0.0365320519815536
1482,-0.142296018188298
1483,-0.344711251761043
1484,-0.157328278447785
1485,0.0789180748384498
1486,-0.413690001916695
1487,0.160507042268388
1488,-0.0944503207341347
1489,-0.172127753820184
1490,0.107787513520067
1491,0.122380250826169
1492,0.0811524795767728
1493,-0.26065401828396
1494,0.2450899400153
1495,0.292693137985633
1496,0.154801218836231
1497,0.135790863595447
1498,0.073396837937917
1499,0.0505610803791107
1500,0.180818837984613
1501,-0.124311072088553
1502,0.193423413771628
1503,-0.176673470689397
1504,-0.0103720497496296
1505,-0.0916230161829156
1506,-0.153889579405977
1507,-0.111065971766649
1508,0.0424936722195768
1509,0.183389509218578
1510,0.0417880428434465
1511,-0.0554141983509814
1512,0.243194282973943
1513,0.0374964493519343
1514,0.0983984683895151
1515,0.057068608116035
1516,-0.128938604181146
1517,-0.192298099599724
1518,-0.0820240020188372
1519,-0.110707380917469
1520,0.173996482154719
1521,0.00351619083036347
1522,0.127696630839993
1523,0.00502360662950024
1524,0.0289037605921948
1525,0.0756642310950867
1526,0.0236352139285928
1527,0.127953483062264
1528,0.129434091757262
1529,-0.0396578796379501
1530,-0.157675805180094
1531,0.0374654979615532
1532,0.277881075873517
1533,-0.0268980240266928
1534,0.0309992967051785
1535,-0.216174261561904
1536,0.21805397085825
1537,0.101109724305525
1538,0.0103041991095442
1539,1.08758921809199e-05
1540,0.0548073871646583
1541,-0.141134385113453
1542,0.0428639851230065
1543,0.206555760151981
1544,0.130844940908574
1545,0.211080222758907
1546,-0.164734117035423
1547,-0.0577400546635463
1548,-0.164430953759828
1549,-0.0244152095411745
1550,-0.128350230235927
1551,0.0211443644258124
1552,0.213807774501159
1553,0.179846502280849
1554,0.108212267164884
1555,0.26568314063406
1556,-0.11110916638962
1557,0.0628961492594347
1558,-0.0728755330678968
1559,0.0263134287356192
1560,-0.0341666284761365
1561,0.0558348300164334
1562,0.0779195778512215
1563,-0.134243589959318
1564,0.353381327681189
1565,-0.398797530227757
1566,-0.000916830521208667
1567,0.0106191207311312
1568,-0.0766531458802996
1569,-0.0996332664009729
1570,0.0110326510107227
1571,0.0650382098544847
1572,-0.22604462924329
1573,-0.0819893249375029
1574,0.18682820140986
1575,-0.160189403081262
1576,0.00155074189917978
1577,0.0796808467129646
1578,-0.0728759831564374
1579,-0.264728047237891
1580,0.100314663867609
1581,-0.199954607443923
1582,0.0595976740272985
1583,-0.0334243836076685
1584,-0.00648392966960524
1585,-0.350218128525327
1586,0.0799669809038238
1587,0.35671165892124
1588,0.0650716595284951
1589,0.0822426683018775
1590,0.24810947936953
1591,0.0743976740849678
1592,-0.15891155391181
1593,0.194508234985593
1594,0.188992444550093
1595,0.153847441734895
1596,-0.200220333727621
1597,0.159157270856832
1598,0.0970687189604756
1599,0.0892129920047776
1600,-0.0772518546865604
1601,-0.164941792132843
1602,-0.097997666070361
1603,-0.0263428667923514
1604,0.12748946263871
1605,-0.139854065449088
1606,-0.0253213821360546
1607,0.0852061404905961
1608,0.0662682885754473
1609,-0.139554155872911
1610,-0.14766439109531
1611,0.022400601122738
1612,-0.0674720657493967
1613,-0.106381017657366
1614,-0.194681965736461
1615,0.130843909102624
1616,-0.285500330325245
1617,0.0104517458697856
1618,-0.0589837364439744
1619,-0.210869034044242
1620,-0.117851472155079
1621,0.00390800434208191
1622,-0.156250152455748
1623,-0.222542003074658
1624,0.023654551804487
1625,0.0164692994504041
1626,0.110487600702953
1627,-0.021129594714003
1628,0.0921880148102828
1629,0.0464428685644893
1630,0.0588242063623627
1631,0.155319847291284
1632,0.0308348253471751
1633,-0.0309176278591217
1634,-0.256300566575651
1635,0.209682170897109
1636,-0.0536746642495209
1637,-0.17181375164808
1638,-0.0505091710582635
1639,-0.200357987265835
1640,0.0867894618334238
1641,-0.0828791958586331
1642,0.176924318845571
1643,-0.0690708033758165
1644,0.0336591752818257
1645,0.0765602115681863
1646,0.167217441001203
1647,-0.0902025965424664
1648,0.00950051103377852
1649,-0.254047983063325
1650,-0.382710270832173
1651,-0.111009995367323
1652,-0.0711296653277019
1653,-0.0896910368932319
1654,-0.239064148023219
1655,0.167055664274942
1656,0.1228500372393
1657,0.0936416485025669
1658,-0.182378985446212
1659,0.0842320697598307
1660,0.0189695943865511
1661,0.127931325875744
1662,-0.0387934369472804
1663,0.0401687786823976
1664,-0.131549144868523
1665,0.150531887934672
1666,0.11312637143208
1667,-0.344065351735139
1668,-0.151197390136927
1669,0.0891953610772656
1670,-0.111970079053823
1671,-0.0927668893137483
1672,-0.164101854163929
1673,0.086002572913411
1674,-0.0148252576351267
1675,0.0486557762271607
1676,0.0285954960037542
1677,-0.201421522689965
1678,0.192827383590361
1679,0.0184118944269649
1680,-0.196825933840147
1681,-0.151534186312616
1682,0.0538290925195641
1683,0.236457237389038
1684,0.0290449006847046
1685,0.0699284531872573
1686,0.137117339746935
1687,0.0495577430325295
1688,-0.104125728825374
1689,-0.20916281818476
1690,0.0348890510994455
1691,0.217020518688263
1692,-0.120282414714145
1693,0.213743320231201
1694,0.222940106199069
1695,-0.0492531006466306
1696,-0.107841051489066
1697,-0.0524231021212203
1698,-0.0813995145999085
1699,0.137417275974117
1700,-0.00891677584407292
1701,-0.172651526382881
1702,-0.21590651894368
1703,0.240859651792906
1704,-0.0290876794542736
1705,-0.0307373250383642
1706,0.0270441378748335
1707,-0.252162238459008
1708,0.00382659346844628
1709,0.0900568474757368
1710,-0.00183706672307653
1711,0.376717899529395
1712,-0.0190679165098436
1713,-0.286848790814578
1714,0.0533862029529934
1715,-0.159981123127701
1716,0.281634700835729
1717,-0.0186152686519752
1718,-0.206422473675514
1719,-0.0443058368773045
1720,0.0566155406726692
1721,0.163785165798138
1722,0.243820311282249
1723,-0.00953462307947875
1724,-0.00681207294678532
1725,0.0164026963042621
1726,0.0369584214298723
1727,-0.113650630892447
1728,0.242733483560241
1729,0.133846388994517
1730,0.154698330014469
1731,0.0688199315648049
1732,-0.0712743416947839
1733,0.00361001082771328
1734,-0.218571996722643
1735,0.176535762058745
1736,-0.122874846097342
1737,-0.138379307207298
1738,-0.22209734012823
1739,0.13924258827409
1740,0.191955775879628
1741,0.343720077501971
1742,-0.0517186823532171
1743,0.0328355818435758
1744,0.0229656235246683
1745,-0.127279509378474
1746,-0.26516589051365
1747,0.0859881718174124
1748,0.306362779299805
1749,-0.162566705502398
1750,0.046972919472384
1751,0.131012107397491
1752,0.121152550972223
1753,-0.114532857846646
1754,-0.130376341767755
1755,-0.320484965231638
1756,0.157782343942161
1757,-0.0861842997964291
1758,-0.0538989488649054
1759,0.0202881356044278
1760,0.134002872919982
1761,-0.082514315354133
1762,-0.239550903772469
1763,-0.11538159505344
1764,0.248010149135549
1765,-0.0875214756138725
1766,0.0382082124501892
1767,-0.145693899890924
1768,0.223925331280154
1769,-0.114082469258401
1770,-0.0154374683056705
1771,-0.231431874882015
1772,-0.0173051259557229
1773,-0.0588022843557137
1774,-0.000536744872397583
1775,-0.0331667576083953
1776,0.0387926302972518
1777,0.0530894022358516
1778,-0.0954079284667481
1779,-0.216634085076739
1780,-0.0545653822218713
1781,0.169799819665499
1782,0.0349217828102587
1783,0.131982107669169
1784,0.0424234790796305
1785,-0.260202790070993
1786,-0.104728745109003
1787,-0.145719842087637
1788,-0.0699197805745276
1789,-0.315823477563914
1790,-0.170410198819859
1791,-0.0384557626783942
1792,0.179122082335043
1793,0.268587556020805
1794,0.257226216472777
1795,-0.00275232913366058
1796,0.100408732814195
1797,0.0943346463998227
1798,0.0687630639631763
1799,0.237956975813558
1800,-0.0373509812468979
1801,-0.165060705677293
1802,-0.054527377423068
1803,0.335599881848086
1804,0.061070225804863
1805,-0.357377715569636
1806,0.0155028868918914
1807,-0.0568401666144557
1808,-0.0571772945533378
1809,0.088064159411742
1810,0.101459040891388
1811,-0.155581102781601
1812,0.0868508039303541
1813,0.0968552913257937
1814,0.0301857633497574
1815,-0.0877635644766234
1816,-0.179666426303509
1817,0.0512682052663182
1818,0.125497844730786
1819,0.0484374072146999
1820,-0.1542917991554
1821,-0.0215798150820812
1822,0.11394352355214
1823,0.12217249865889
1824,-0.0606631211278833
1825,-0.0705787598758322
1826,0.0484296719979269
1827,-0.19532297947001
1828,0.204972210243548
1829,-0.210333224120863
1830,0.176917418774799
1831,0.066122561447448
1832,-0.0417453694606096
1833,0.136275529155074
1834,-0.171830844345426
1835,-0.227672462583954
1836,0.143482782883572
1837,0.158106437253627
1838,0.0218032640284242
1839,-0.0986294492486074
1840,0.243982965915771
1841,0.402347694124992
1842,0.0267375297626883
1843,-0.210789686007284
1844,-0.0293821083915601
1845,0.277926007687048
1846,-0.150477062856255
1847,0.21482551504863
1848,-0.172000342444674
1849,-0.160227578532185
1850,0.00138549593166866
1851,0.427683777960871
1852,0.0432382749237481
1853,0.0342763041098878
1854,0.149315573317926
1855,0.235041748835301
1856,-0.0304561721160176
1857,-0.0765330654198994
1858,-0.205887202076938
1859,0.184172684522984
1860,0.00762709225617428
1861,-0.233847058586999
1862,0.0394300897076233
1863,-0.310581481591435
1864,0.0244010739556427
1865,0.0563656850758402
1866,-0.0744381363497184
1867,0.199818415468515
1868,0.0395490131109636
1869,0.0227019683406197
1870,-0.137697480688171
1871,0.137666253580246
1872,0.0711160672256752
1873,-0.0666437248114257
1874,0.196982480407882
1875,0.12461281812282
1876,0.129236887587049
1877,-0.0743716941743426
1878,0.169724488225708
1879,0.124147366404228
1880,0.0394564806238258
1881,0.174859174444115
1882,0.132094475566293
1883,-0.267946579145017
1884,-0.208003051005859
1885,-0.0700465256071548
1886,0.0260128361614283
1887,-0.0527308439429148
1888,0.0297829851139672
1889,0.194746309891683
1890,0.121395578137359
1891,-0.123252559839744
1892,-0.0523559194444086
1893,-0.0259766517606885
1894,-0.0699172579146924
1895,-0.178284046041641
1896,-0.0878018196041137
1897,-0.0781281129603638
1898,-0.154207430051917
1899,-0.0390764433277251
1900,-0.0743493070583527
1901,0.0634152079577777
1902,-0.0728474560961003
1903,0.0597729697534197
1904,0.000282171269118253
1905,0.0737577478379495
1906,-0.0746998054139676
1907,-0.0701880300165447
1908,-0.0738158644732948
1909,0.12646676836571
1910,-0.216874346050772
1911,-0.0430163142985211
1912,0.225210125732538
1913,0.38027786232125
1914,0.257383554040686
1915,0.285905828578822
1916,-0.197685204585218
1917,-0.0711898803619692
1918,0.115121896900303
1919,0.0427302166653667
1920,-0.0404389531216583
1921,-0.15324105038075
1922,0.0595026865877964
1923,-0.019547789174944
1924,-0.129991094966721
1925,0.177778164017678
1926,0.14204317695333
1927,-0.0267847411548763
1928,0.0579020238070969
1929,-0.0416208605961157
1930,-0.0570512652824318
1931,0.0346955696979985
1932,0.244980838781252
1933,-0.110107894290223
1934,0.0504470645462164
1935,-0.100212888161712
1936,-0.110168701096226
1937,0.136446935008767
1938,-0.104906564215938
1939,-0.0386480970460466
1940,0.0601827611801509
1941,0.112998220660034
1942,0.330920990217107
1943,-0.0856744049940536
1944,-0.190306973007388
1945,-0.12071295502971
1946,-0.176505681465324
1947,-0.171344527363923
1948,0.210170639146145
1949,-0.254543134656143
1950,0.281007296881733
1951,0.266687804577006
1952,0.0749396599944099
1953,-0.0618289934953379
1954,0.139375487820803
1955,0.115621744259424
1956,0.0258044097314485
1957,-0.105719623841824
1958,0.214972500951181
1959,-0.113694587584383
1960,0.251718859811515
1961,-0.0586012641353461
1962,-0.284845089429938
1963,-0.171255604507789
1964,-0.0880076980737734
1965,0.148452385870341
1966,-0.0804823242847524
1967,-0.186719071582894
1968,0.231156120916612
1969,-0.0280182274672411
1970,0.442367965344817
1971,0.24791231034221
1972,0.270395696274411
1973,-0.137236849134539
1974,0.107359305818902
1975,-0.250883019353363
1976,0.0754597305914588
1977,-0.0247316953806494
1978,0.0203087271688867
1979,0.125334843201991
1980,-0.155085709692642
1981,0.137129010383212
1982,-0.320115728096048
1983,0.075562619903451
1984,-0.0861775146982558
1985,-0.0816114399149107
1986,0.0742719758636211
1987,0.212550221685164
1988,-0.123003048500025
1989,-0.154439559437042
1990,-0.0189822777438018
1991,-0.138982497866782
1992,0.111096454464872
1993,-0.0838053585427098
1994,-0.179237233501046
1995,0.0581584477040097
1996,-0.310502452665298
1997,-0.133599597197939
1998,-0.217208188749045
1999,-0.30138290230224
2000,0.0842851550839404
2001,0.168675611278893
2002,0.03248523384611
2003,-0.0421599099013246
2004,0.282165415272578
2005,0.0827514990968431
2006,-0.100875768009095
2007,0.177722094288979
2008,-0.100808911353254
2009,-0.131187643234698
2010,0.0603364400025168
2011,0.12280243642938
2012,0.0725195304793277
2013,0.122072158766132
2014,0.150418327035976
2015,-0.159063908132516
2016,-0.189758576192902
2017,-0.106308686734776
2018,0.0302587366627052
2019,0.0508133042255545
2020,0.0159779603337788
2021,0.00906150944779326
2022,-0.193741803657037
2023,0.0959594606179865
2024,-0.0552140877758865
2025,-0.0678051590078037
2026,-0.190223774656712
2027,-0.400542058454048
2028,-0.0936030183752684
2029,0.0762551043896489
2030,-0.235044388536256
2031,-0.188375197722505
2032,-0.210916117758102
2033,0.28929724050855
2034,-0.10000451027821
2035,0.0339679270388312
2036,0.268517498292673
2037,0.00303130610865537
2038,0.0167611157813413
2039,0.00780185543845091
2040,-0.0612209077991447
2041,-0.223835668592667
2042,0.0476557916075353
2043,-0.0674095154900696
2044,-0.0868748822871457
2045,-0.164022314455447
2046,0.0765426878127321
2047,-0.179776793852573
2048,0.206356338085085
2049,-0.11267941945621
2050,-0.283421874924703
2051,0.0308629145108181
2052,0.0443107228765345
2053,0.073845785834045
2054,-0.286712996903679
2055,-0.175701148082888
2056,-0.141698227834885
2057,0.129614330115661
2058,0.0483833742473256
2059,0.170715987637965
2060,-0.00718002711721691
2061,0.336374842128502
2062,0.18245559974736
2063,0.0921213065419195
2064,0.114835902169599
2065,-0.200303931909839
2066,0.127387627762743
2067,-0.0267219947307898
2068,0.0199424346902959
2069,-0.0247153375011504
2070,0.18513625569179
2071,0.0130883027764257
2072,-0.0829495925151697
2073,-0.169676139085853
2074,0.169534788156577
2075,0.173607926865845
2076,0.0616362349829711
2077,-0.285217566260458
2078,0.013210078670594
2079,-0.0725675874539656
2080,-0.0704036902388972
2081,-0.0282561396086113
2082,0.166576855244403
2083,0.131433830668185
2084,0.257983827499734
2085,0.0536887731109312
2086,-0.0274461986966267
2087,-0.232970428496894
2088,-0.0251448146613352
2089,0.145254469341344
2090,0.0943854562131935
2091,0.181870716495646
2092,-0.157238888349298
2093,0.0562924922812069
2094,-0.026033764171929
2095,-0.21467576707772
2096,0.0423569886660402
2097,-0.105508777278527
2098,-0.0176608266999432
2099,0.0563432024889155
2100,0.0631885347035734
2101,0.226247017369477
2102,0.169102683259931
2103,-0.0405856332565764
2104,-0.217329616964121
2105,0.0864628233862566
2106,0.105229726549376
2107,0.0660644360253404
2108,0.157394883712534
2109,-0.245033244709606
2110,0.0530791432648404
2111,0.137115644931082
2112,-0.0859603497838639
2113,-0.132491313468752
2114,-0.287337686101458
2115,-0.296449073138924
2116,0.197264042484019
2117,-0.159453850755454
2118,0.0956685023647488
2119,-0.041615578717897
2120,-0.131808921342839
2121,0.0708869166249954
2122,0.123484970553124
2123,0.0732061716717332
2124,-0.107790243141369
2125,-0.0734930017254701
2126,0.176032001617395
2127,0.372390597933322
2128,-0.0955945342589442
2129,-0.0542516811296495
2130,-0.0366628149605115
2131,-0.111055718049313
2132,0.0916115185458313
2133,0.22785427958623
2134,0.0615576014867337
2135,-0.0937327008166418
2136,0.121061395285204
2137,-0.0759362976691807
2138,-0.114185220044868
2139,-0.0295322343443846
2140,0.149811133610204
2141,-0.0578870425370989
2142,0.319516168180599
2143,-0.0166194312435047
2144,0.0746796288842026
2145,-0.0954204469965744
2146,0.0713506907577073
2147,-0.0440580053035732
2148,-0.0435159371562923
2149,0.12895743468987
2150,0.0501009384981208
2151,0.032459067189727
2152,-0.0273148690015137
2153,-0.166294920212732
2154,-0.0271543270174297
2155,-0.0727454211249606
2156,-0.170208745539638
2157,0.204633747715048
2158,-0.359658724168206
2159,0.105478060608135
2160,-0.160422098402421
2161,-0.195176213749095
2162,0.29040536186105
2163,-0.0121861970285935
2164,-0.295262261671689
2165,0.053371212318673
2166,-0.0169819512688574
2167,-0.00404576373428256
2168,-0.0352552353471653
2169,-0.146997168502814
2170,0.0271950233875885
2171,-0.012358637991731
2172,-0.00486161792867061
2173,0.155156036772027
2174,0.0660288091860341
2175,-0.352707372158876
2176,-0.138696344708367
2177,0.00661830542442496
2178,-0.211084957597045
2179,-0.185691807064573
2180,-0.128281772152502
2181,0.0784788865845765
2182,0.0597573353881733
2183,-0.10117900290461
2184,0.158144721604741
2185,-0.0244518025416138
2186,0.0120467146449732
2187,-0.159510573004211
2188,0.0371456722825497
2189,0.135542420863187
2190,-0.195303915920193
2191,0.0799549720186594
2192,-0.028969024733211
2193,-0.19936472676674
2194,0.180104393612167
2195,0.276138930660548
2196,-0.145979962856042
2197,0.000225531385745908
2198,-0.12410319678201
2199,-0.00851020529496901
2200,-0.0920097938252006
2201,-0.102119252987105
2202,0.085475950494
2203,0.118249044474948
2204,0.157378245476628
2205,-0.21361188445265
2206,0.119716731461048
2207,-0.167058806279278
2208,0.151499244797242
2209,-0.126636458027783
2210,0.0119462221379175
2211,0.0624376082061627
2212,-0.096503517797322
2213,0.132759172496921
2214,-0.196160014371075
2215,0.0206378796958604
2216,-0.0114998677187501
2217,0.149815336051438
2218,0.135392089608959
2219,-0.00454131630257507
2220,0.00406742798906595
2221,0.00612966203253439
2222,-0.271087228164923
2223,0.0268666302504785
2224,0.339387270075859
2225,0.08711823397708
2226,0.0545109202626647
2227,-0.144076049518208
2228,-0.120838121289813
2229,-0.0614831678627791
2230,0.0669437738895765
2231,-0.192930793379127
2232,0.190088371257503
2233,-0.0907426245159135
2234,-0.0165588712240358
2235,-0.205630485950738
2236,0.279538255981638
2237,-0.157117788936077
2238,0.138132319109975
2239,-0.155210625790801
2240,-0.118237035811311
2241,-0.0567979039277094
2242,-0.0381093787459284
2243,-0.176842932230372
2244,-0.271712296164647
2245,-0.0439643776516436
2246,0.148931640206543
2247,-0.288078698045786
2248,0.333946811042019
2249,-0.172981167707986
2250,0.109404977169835
2251,-0.026118871995583
2252,-0.0865139741928354
2253,-0.265476020137551
2254,0.0195713735531553
2255,-0.0787378482968585
2256,0.104787024966366
2257,-0.08740959597209
2258,0.0642467281241754
2259,-0.329028226871152
2260,0.0683955319116225
2261,-0.123284579026079
2262,0.0246093342460876
2263,0.0344826200620924
2264,0.168113297217893
2265,-0.164970107464452
2266,0.117069894258377
2267,-0.333058320494257
2268,-0.098415965404944
2269,0.28860916395076
2270,-0.225621721519879
2271,0.096383264500203
2272,0.0879212915413309
2273,-0.0565273228371246
2274,-0.223868420652071
2275,0.0517705853659645
2276,0.111875980968308
2277,0.278013276687005
2278,-0.0344144298100782
2279,0.159905791260161
2280,0.195553372584305
2281,-0.0421630872388853
2282,-0.0361931037833396
2283,0.225681200976539
2284,0.0364179023165834
2285,-0.210923959251737
2286,-0.107804246630485
2287,-0.115447955442047
2288,0.152009730246317
2289,-0.0762670821154406
2290,0.0515747440545687
2291,0.121424988184183
2292,0.0259594526686322
2293,0.189030997504617
2294,0.144828333678933
2295,-0.0280486135365978
2296,0.116435425878519
2297,0.172942750422867
2298,-0.130025446635108
2299,0.17693068134077
2300,0.0393228459162721
2301,0.119732789684512
2302,-0.109253059721857
2303,0.289149371849232
2304,0.212394756746586
2305,-0.164708197232587
2306,-0.21641754470532
2307,-0.155648674077074
2308,-0.0596698952755503
2309,-0.16445563173743
2310,-0.139010575537217
2311,-0.0435021909112349
2312,0.179775446365614
2313,0.042766148526297
2314,-0.107155902089697
2315,0.006421677854297
2316,0.104309642025066
2317,0.273596864064513
2318,-0.291851968836038
2319,-0.222922282404115
2320,0.0796691580391345
2321,0.0818150279921563
2322,0.144414961303785
2323,0.120552331613358
2324,0.0679803429344316
2325,-0.035644658628716
2326,0.247281116803529
2327,-0.189981603444694
2328,0.198590304182765
2329,-0.161356852573921
2330,0.259579579989032
2331,-0.153492099832536
2332,-0.143436141308307
2333,0.159863432208591
2334,0.0152890705055446
2335,-0.25725817903646
2336,-0.18888277591408
2337,-0.0354945454502058
2338,0.0107858301444987
2339,-0.0527525851762888
2340,-0.100601311570626
2341,0.083668806259989
2342,0.0846325905988472
2343,0.154889267621167
2344,-0.0776555786048106
2345,0.301612023080701
2346,-0.0773174193623175
2347,-0.142437359820656
2348,0.0694947064517381
2349,0.0526931606470966
2350,0.0183583595600325
2351,0.0708107842152328
2352,0.0735322228777728
2353,-0.151938239121505
2354,0.0144066709060905
2355,0.208111715671268
2356,-0.106918734239673
2357,0.0103274339793305
2358,0.0126614816988736
2359,-0.018572831718138
2360,0.178443076213073
2361,0.109351623335945
2362,0.139699535626453
2363,-0.102488778065399
2364,0.0961215096756055
2365,0.134258180545494
2366,0.0635728961069328
2367,0.164472325887449
2368,-0.0925521044813194
2369,0.303281312128116
2370,-0.161599811029771
2371,0.036686015169971
2372,0.00655321554831789
2373,-0.0902662468328342
2374,0.0690394516509003
2375,0.346113574345777
2376,-0.0260096301516149
2377,0.0396105122820126
2378,-0.0826196186942771
2379,0.026819372405293
2380,-0.0831938142643448
2381,-0.0815785515187019
2382,-0.0601990719923196
2383,0.0484499884689046
2384,0.0769317406915693
2385,0.000776008788731346
2386,-0.283999136538093
2387,-0.118304900156791
2388,0.0263876675388994
2389,0.00226230453697228
2390,-0.075289427422287
2391,-0.0899512517132966
2392,0.110269067164526
2393,0.164449507586591
2394,-0.00675162879992369
2395,0.0479950882709795
2396,-0.0626880666019217
2397,0.215423995875537
2398,0.031380508125684
2399,-0.0152926020741235
2400,0.0782982828056203
2401,0.0540154723679089
2402,-0.141180334510759
2403,0.135459188833517
2404,0.0859745913930063
2405,-0.116438580822329
2406,-0.0380673728206091
2407,0.0453029409294768
2408,-0.188857914424825
2409,-0.126158652632251
2410,0.129379407189726
2411,-0.257315407990357
2412,0.11965415959741
2413,-0.00724227055537207
2414,0.132176424291715
2415,-0.0637420588679753
2416,0.340941646124658
2417,0.216926713218029
2418,0.225478061229294
2419,0.0339334669227195
2420,-0.0535536531016666
2421,0.00953481363030983
2422,-0.298257587827045
2423,0.0485277745411228
2424,0.0405830994438184
2425,-0.191965716868072
2426,0.0965503513667863
2427,0.158864704139131
2428,0.0413130043504467
2429,-0.195534987461097
2430,-0.0442449869726739
2431,0.170466301221467
2432,0.0804686142530524
2433,-0.190181905709433
2434,-0.0288435013240794
2435,-0.0864760959154703
2436,0.0672077758241028
2437,-0.0046794395419616
2438,-0.0644977868265826
2439,0.24208672193403
2440,0.118194361487479
2441,-0.204557769073913
2442,-0.0359290036911946
2443,0.081783535011963
2444,-0.0175467074122432
2445,-0.0236039365826432
2446,-0.202695237832599
2447,-0.0346715164765031
2448,0.130945336713263
2449,-0.24162267701306
2450,-0.0985892884157996
2451,-0.123110486978073
2452,-0.0287796226437354
2453,-0.0597378899865441
2454,0.365977652503394
2455,-0.00594639572553195
2456,-0.0294258208652731
2457,0.0286758648961611
2458,-0.0576975473289557
2459,0.0586465180793207
2460,-0.206598963923564
2461,0.0439660206871471
2462,0.0396521961490281
2463,-0.0314524214639398
2464,0.108048718054073
2465,-0.0258274822026994
2466,0.0319135765800147
2467,-0.334510865629068
2468,0.123861383942139
2469,0.226358232413796
2470,0.215113922706747
2471,-0.124495383401774
2472,0.0661851465212521
2473,-0.0811675102415602
2474,-0.218443626310475
2475,0.0784917816183036
2476,0.0889981499001708
2477,0.0787826185948207
2478,0.11776356689084
2479,0.254847800636131
2480,-0.0553831154264512
2481,-0.0233018258668619
2482,0.0483416440653135
2483,-0.0328504824787239
2484,-0.304624173638
2485,0.0149736738391107
2486,0.115856915491482
2487,0.148193573733882
2488,0.0162830689792779
2489,-0.0529444066471916
2490,-0.131575872242686
2491,-0.115213173953538
2492,-0.0587139346459546
2493,0.021882676558795
2494,-0.0703452047172598
2495,-0.225291307272273
2496,-0.112826197664899
2497,0.134950528688062
2498,0.000775954879519133
2499,-0.19437787415363
2500,-0.00515905032771974
2501,-0.106790881667881
2502,0.0347187836236152
2503,0.0152578940445785
2504,-0.229131618984457
2505,-0.0936821070867875
2506,-0.203502480594636
2507,0.236359458467128
2508,0.0419610028163176
2509,-0.182381765316086
2510,-0.134907793837761
2511,0.0345024816369828
2512,-0.0440511554569313
2513,-0.128520701667725
2514,-0.160628927153762
2515,0.164936995781877
2516,-0.0489242828447368
2517,-0.0556598857594047
2518,-0.0586846437853733
2519,0.085787626114717
2520,0.0477857261011142
2521,0.105923448333929
2522,-0.237250312854533
2523,-0.0101287795663598
2524,-0.124094840115973
2525,-0.198755163599446
2526,-0.378877948551272
2527,0.0541531950476759
2528,0.130885196143506
2529,-0.100405623383716
2530,-0.0048427219754378
2531,0.302709448446972
2532,-0.0119565341660682
2533,-0.00163671373938989
2534,-0.0975400521689188
2535,-0.130869338288252
2536,-0.19862457622546
2537,0.184745076241013
2538,0.180274114600582
2539,-0.0586691741442942
2540,-0.232442048794274
2541,-0.170167510295513
2542,-0.159729878368015
2543,0.050318647841595
2544,-0.280309390261718
2545,-0.259099219463538
2546,0.00378077037278623
2547,0.0741841750746459
2548,0.0302799132526204
2549,0.0117426043385635
2550,0.159049403222117
2551,0.0114194535049351
2552,-0.132852393562302
2553,-0.052384323539591
2554,-0.108094184886963
2555,0.295814877741895
2556,0.301678506506006
2557,-0.114893747107573
2558,-0.143327528180503
2559,0.0858233123360773
2560,-0.0863164211751566
2561,0.0823082602401493
2562,-0.0418472578451538
2563,-0.101220572852445
2564,0.160372894990401
2565,-0.0729626210714964
2566,-0.180093441381946
2567,0.111435439027315
2568,-0.0634713624860715
2569,-0.0460169222084892
2570,0.0325044772047503
2571,-0.113699792585137
2572,-0.138829924700019
2573,0.268340392949495
2574,0.107934895174588
2575,0.117682924487568
2576,-0.172588976485409
2577,-0.125452126037826
2578,0.0163626484629769
2579,0.0160097632843865
2580,-0.0305722323723306
2581,0.0363411828369822
2582,0.100378087057851
2583,0.0326175224304913
2584,-0.0415878994358607
2585,-0.32387892643644
2586,0.111335275737732
2587,0.210625628063824
2588,-0.095061906841231
2589,-0.199581866475964
2590,-0.263888018626196
2591,-0.0539863750263392
2592,0.0320144020209757
2593,-0.248234330176496
2594,-0.272744801711032
2595,-0.150240357007325
2596,0.146501051666361
2597,-0.208803378915875
2598,0.140362409636679
2599,0.266338137587503
2600,0.0116729840549188
2601,0.139056309392037
2602,0.0729623959333383
2603,-0.345207930955127
2604,0.22133622173815
2605,0.116255492004102
2606,-0.150412450247239
2607,0.0548039749180252
2608,-0.0463775146012108
2609,0.0309689270777436
2610,0.0636708565065974
2611,-0.115400263511683
2612,0.0811059612387993
2613,-0.085052352985265
2614,-0.302979376491347
2615,0.105676838607221
2616,0.0347674971326652
2617,-0.15493401561424
2618,0.0131791986433545
2619,-0.176274724650036
2620,0.196801429335731
2621,-0.129939018650297
2622,0.0171021494662112
2623,-0.0413693724471917
2624,-0.100640361468797
2625,0.114279474665929
2626,-0.0317003301057232
2627,-0.0215103958118958
2628,-0.252156086531285
2629,0.0398119337098492
2630,-0.219026621557233
2631,0.0112072402441852
2632,-0.273621130372903
2633,-0.340698318549123
2634,-0.109774394690197
2635,0.236142861477533
2636,-0.119681192201159
2637,-0.273924204303598
2638,0.181961859473706
2639,-0.0872582563718776
2640,0.0975624353596066
2641,0.0800538478182601
2642,-0.249583140005073
2643,0.0867114210068013
2644,-0.103885828516054
2645,-0.116680632652394
2646,0.0629529954678057
2647,0.0148897897827813
2648,-0.148752262144528
2649,0.0650579356105836
2650,0.0705460952011556
2651,0.0289590805157362
2652,-0.0185120944890722
2653,-0.159313377984209
2654,-0.182905763459108
2655,0.0936598476289815
2656,-0.196676875275403
2657,0.198736002734677
2658,-0.0455576784811851
2659,-0.0616880614039525
2660,-0.330014497257685
2661,-0.0179363412246359
2662,0.0833773369724407
2663,0.0934763400893799
2664,0.0270639005202759
2665,0.430671636395021
2666,-0.056386552336885
2667,0.253233641452133
2668,0.0751795447846612
2669,-0.0826383920549982
2670,-0.0169898516774992
2671,-0.0460047941341033
2672,0.176886092881899
2673,0.0450739333282213
2674,0.0703126491423979
2675,-0.126748242026832
2676,0.0241736712985358
2677,0.139029447524112
2678,0.24012240372614
2679,-0.032805806964706
2680,0.228081023446538
2681,0.343630304650376
2682,-0.068035380482145
2683,0.0710476046342481
2684,0.0939236078615856
2685,0.235834988948537
2686,-0.0675627020653807
2687,-0.0354361321629905
2688,0.221342527473447
2689,-0.118637376760656
2690,0.000823527660894024
2691,-0.08100649988257
2692,-0.367044369065569
2693,0.116563595161652
2694,0.0285443979525848
2695,0.0426499475188729
2696,-0.0650355883227954
2697,0.155343652585253
2698,-0.0859220449541871
2699,0.105966401992055
2700,-0.129599737473902
2701,-0.0125674080640684
2702,0.217568978410274
2703,-0.220099021337552
2704,-0.147845004653232
2705,0.111428963586612
2706,-0.0826894557421398
2707,0.0345975307829703
2708,0.262794486337403
2709,0.19703099764469
2710,0.00449391940200244
2711,0.131336864803528
2712,-0.147991979620873
2713,-0.0941613671114903
2714,-0.0113047703405577
2715,-0.179579257679222
2716,-0.0354363043108888
2717,-0.165159160196255
2718,-0.0296741515496323
2719,-0.0114284935220572
2720,-0.0710877928945464
2721,0.193851410275243
2722,0.0809252853815249
2723,-0.0175050352626672
2724,0.0595188114687782
2725,-0.109081079457573
2726,0.234195446956405
2727,0.0063726125651804
2728,-0.268446832315478
2729,-0.0938021129138428
2730,0.114895429109544
2731,0.248112787496722
2732,0.0184723500644898
2733,-0.112985523223146
2734,0.206516457114652
2735,0.0300014918418634
2736,-0.0966611349705847
2737,0.0530150606434914
2738,-0.0920582241488534
2739,0.141498584009339
2740,0.189620470871433
2741,-0.272797790159596
2742,-0.180660843668205
2743,0.136052331696089
2744,0.246173321524524
2745,0.0186133541850195
2746,0.0837480840849474
2747,-0.0564084353980007
2748,-0.104462585495889
2749,0.3331562944476
2750,-0.20070381803693
2751,0.319248249752348
2752,-0.0888020094049219
2753,0.015193279089085
2754,-0.0948202409655689
2755,-0.353127602362432
2756,-0.14953982944915
2757,0.00305330256054034
2758,-0.0630312181525873
2759,-0.1393383563448
2760,0.032372694886045
2761,0.0587998879905697
2762,-0.122530312914127
2763,0.282416251394744
2764,-0.32105011445952
2765,-0.190349371522579
2766,0.160352670849909
2767,0.0677657314489211
2768,0.0268927794725859
2769,0.0309811237303508
2770,0.0862803919441032
2771,0.14332647755564
2772,0.0852217513981377
2773,0.0669270171360552
2774,0.0526770575222469
2775,0.00707541869482822
2776,0.100095831405519
2777,0.226393034647215
2778,-0.218781548413484
2779,-0.103267158833044
2780,-0.0693445130877052
2781,-0.030128137467325
2782,-0.121891171259382
2783,-0.104654128450952
2784,-0.112375869579978
2785,-0.141363241423883
2786,0.051589825455538
2787,-0.11243355981058
2788,-0.0905794264735681
2789,0.0272944790962655
2790,-0.3150946524107
2791,-0.0447869875803888
2792,0.042960096660598
2793,-0.365029022031921
2794,-0.00237533714310784
2795,-0.0792203206432323
2796,-0.0108119087713872
2797,0.132699167471331
2798,0.0476559015064294
2799,-0.273035693788352
2800,0.245654562118658
2801,0.0579231504334647
2802,-0.147292191670046
2803,0.145039722627494
2804,-0.0451861259481012
2805,-0.178282346588471
2806,0.0615442083446874
2807,0.217038221219696
2808,-0.119840447801708
2809,-0.0610798043042639
2810,0.116991309115409
2811,-0.185707005889681
2812,0.183893457760213
2813,-0.19023659298561
2814,0.108642131013714
2815,0.0878977820710948
2816,0.0820662792568867
2817,0.00616877194156441
2818,-0.0378899649520528
2819,-0.211602111455157
2820,-0.0743060731408817
2821,0.101502225764323
2822,0.357693196250377
2823,0.169137055743283
2824,0.279190368613495
2825,-0.0934076293574356
2826,0.0408047216963759
2827,0.188076206569018
2828,-0.0502381383702618
2829,0.0138858775331413
2830,0.230855166046151
2831,0.0686544612942129
2832,-0.0573098190063081
2833,0.119145899581828
2834,0.254345457104704
2835,-0.0503495206122912
2836,-0.0895188076920582
2837,0.099762011765831
2838,-0.0362375832881424
2839,0.00019773517590381
2840,-0.202730333159587
2841,-0.069178635196751
2842,-0.053565769703135
2843,0.0158055183680453
2844,-0.110118547061389
2845,-0.0246672651786387
2846,0.0505212344179653
2847,0.0521795360642583
2848,0.149405884825237
2849,-0.20565747486012
2850,-0.054729422202364
2851,-0.36732665959698
2852,-0.0314854710100314
2853,-0.0479973805651721
2854,-0.155747119050587
2855,-0.0654851730498222
2856,-0.0166877130131995
2857,0.119895490150416
2858,-0.0354072640738992
2859,0.173783414355488
2860,-0.0989236077165436
2861,-0.021226155157384
2862,-0.0385026865177851
2863,0.282474159991783
2864,0.0576760716322688
2865,-0.190678911689148
2866,0.257171969551342
2867,0.166322332230924
2868,0.0724219288110409
2869,-0.175624547148671
2870,-0.270221142362266
2871,-0.0455094865457748
2872,-0.115154040604116
2873,0.149486025559597
2874,0.27247978711325
2875,0.0345089209332207
2876,0.202300644286136
2877,-0.0198656574973529
2878,0.0517796500328516
2879,-0.0501038328472831
2880,-0.0528703040969975
2881,-0.0141237918890124
2882,-0.0551435883048994
2883,-0.0210008180148
2884,-0.110041421694221
2885,0.116239063447122
2886,-0.0428506394136204
2887,-0.03407008555282
2888,-0.170954975544532
2889,-0.0901810920802952
2890,0.135093044916496
2891,0.0634571266442438
2892,0.0306847959964155
2893,-0.126268570737103
2894,-0.265576315589842
2895,-0.0450911334122494
2896,-0.334060318561816
2897,-0.0968284867735098
2898,-0.00951228302718704
2899,0.224834823088476
2900,0.12132633037811
2901,-0.191398739295362
2902,0.157348965231831
2903,-0.218950428621028
2904,-0.0187510094067826
2905,0.222481084037739
2906,0.254883988794851
2907,0.0391035628981503
2908,-0.129926263517448
2909,-0.0449813731035502
2910,-0.152376851504174
2911,-0.0693110171867386
2912,-0.0617793915944362
2913,-0.0388675382121597
2914,0.124366956393615
2915,-0.193865994874439
2916,0.082104925778408
2917,0.316738593017203
2918,0.173057103940301
2919,-0.121604306247925
2920,-0.24950198584811
2921,-0.0479891585496879
2922,0.121885525664719
2923,-0.105982883213247
2924,0.0330685931904395
2925,0.00134773248483933
2926,0.0530559239408207
2927,-0.010188405816363
2928,-0.142188266243463
2929,-0.122759926405288
2930,0.00844125513226789
2931,-0.025090419656837
2932,-0.228695134093143
2933,-0.256980064332317
2934,-0.0613270491488242
2935,0.168042057541869
2936,-0.0309716316986537
2937,0.196344160388185
2938,-0.129880115219723
2939,0.0367921005330968
2940,0.112457055378877
2941,-0.391374375576842
2942,0.240489628997479
2943,-0.373660420438594
2944,0.07477188318185
2945,-0.00449938413004052
2946,0.175472216004305
2947,-0.174254432738651
2948,-0.151391863128018
2949,0.0498433399804619
2950,-0.0262136211458651
2951,-0.0923341434974225
2952,-0.06430918012717
2953,-0.147808686757711
2954,0.114163227292413
2955,0.0466204617955464
2956,-0.123937977057387
2957,0.0490426802123291
2958,0.116222504654737
2959,0.0882386236032102
2960,0.0775400993854555
2961,-0.046883703756434
2962,-0.0838503018045998
2963,0.158105024439978
2964,-0.308062199095389
2965,0.0390488122413098
2966,0.020409725725722
2967,-0.3775675610321
2968,0.0118204570452217
2969,-0.104227026850484
2970,-0.069339475483746
2971,0.293455116142925
2972,0.0929188172972892
2973,0.0335458397947452
2974,-0.0274922998315983
2975,-0.184534266924524
2976,-0.145581285709387
2977,-0.144931702556307
2978,0.0960843914737783
2979,0.158543346926943
2980,-0.111147686159079
2981,0.263811185329965
2982,-0.183183304252299
2983,0.191742160024088
2984,0.0329755301434329
2985,0.0957776619875232
2986,0.0776256469270496
2987,0.084680440582021
2988,-0.00584636195001582
2989,0.0179633172084702
2990,0.0383294731117946
2991,-0.187857268628511
2992,-0.199212551057991
2993,0.154424424448014
2994,0.159403724380791
2995,-0.193578062809782
2996,-0.00480893614115718
2997,-0.0227677182704797
2998,-0.233575860263603
2999,0.0797964428668343
3000,0.0619877515963267
3001,0.0758992637687077
3002,-0.0137431588475523
3003,0.231562339049155
3004,-0.0385536969624843
3005,-0.194308144815478
3006,0.117207222737447
3007,0.00724370332335168
3008,-0.239909887493671
3009,0.092369149228618
3010,0.00616687373627358
3011,0.22423460339612
3012,0.220852491662797
3013,-0.0120847669540722
3014,-0.153482522002632
3015,-0.0378286545043941
3016,-0.0462824898155027
3017,-0.0685879190122651
3018,0.259608181173952
3019,-0.028796428531828
3020,-0.0986981652808281
3021,-0.00364490648081244
3022,-0.146722467264417
3023,0.0782698561457439
3024,-0.045259328057697
3025,0.00784868304172268
3026,-0.114971321407963
3027,-0.152756461311851
3028,0.224432824234087
3029,-0.0528789990801343
3030,-0.0634579309886771
3031,-0.214524085053227
3032,-0.0937385549969169
3033,0.0652339653094638
3034,-0.00942972716307479
3035,-0.128632814738437
3036,0.155939841632603
3037,-0.000890579376229009
3038,-0.123113792619539
3039,0.110145685563608
3040,-0.255264525318278
3041,0.132210973801373
3042,0.132570256270637
3043,0.0781963566323155
3044,-0.298008862475264
3045,-0.18958604690311
3046,0.20757111878785
3047,-0.0853127878441261
3048,-0.00803243330186567
3049,-0.216843307156623
3050,0.00283058833947573
3051,0.165237980228953
3052,-0.0462389024178609
3053,0.0369230069614909
3054,0.0992854280819946
3055,-0.411790163383257
3056,0.0411918935629833
3057,0.133375893564209
3058,-0.0375620789065606
3059,-0.0865553978072545
3060,0.0471816020214817
3061,0.0907267200060691
3062,-0.224513889728348
3063,0.136080213612198
3064,-0.0536579552180556
3065,-0.0364048378100025
3066,0.252499436610839
3067,0.0842135981053172
3068,-0.173403933966354
3069,0.18788768671654
3070,-0.115119508305835
3071,-0.09284384678157
3072,-0.25062859060229
3073,-0.104724697305235
3074,0.216894651454923
3075,-0.0541542159697876
3076,-0.255450948574208
3077,0.091970817596179
3078,-0.220592288882903
3079,-0.0780688602465508
3080,0.0393956771661563
3081,-0.0235845665652802
3082,0.0250669868459124
3083,-0.089878798864055
3084,-0.0156705788366378
3085,-0.435372754120735
3086,-0.189888258298797
3087,0.0779719776379844
3088,0.130452599053157
3089,-0.0957559520813595
3090,0.0734003482117146
3091,0.127419403450926
3092,0.229989633808652
3093,0.201085166725877
3094,0.00333795708246085
3095,-0.140410904228883
3096,-0.0755376709089831
3097,0.0201215857147433
3098,-0.147131451507805
3099,0.073502905804997
3100,0.0590429516142353
3101,0.0152470882466043
3102,-0.105839312587262
3103,0.00410881710386333
3104,-0.105082535246515
3105,-0.087930571344232
3106,0.0314187572115988
3107,0.110834071451288
3108,0.0822173138989211
3109,-0.0818740704242285
3110,0.181967785138904
3111,-0.0768450696071028
3112,0.128675791232836
3113,0.0817159218864578
3114,-0.0237450116855007
3115,0.0726358277239291
3116,-0.058165136919164
3117,0.029669980915405
3118,0.172407661779658
3119,-0.13646374791144
3120,0.0489236142755111
3121,-0.225670818356159
3122,-0.0459271154126503
3123,0.12763641563505
3124,0.0208222126333915
3125,0.0415794805011232
3126,-0.0962667378999206
3127,-0.0963231384262552
3128,0.128953199183382
3129,0.0585357343689772
3130,-0.113894690984504
3131,-0.220689763356676
3132,-0.105721293164205
3133,0.179303030655986
3134,-0.0300234882613561
3135,-0.186566010164555
3136,-0.145868382799544
3137,-0.135777396497039
3138,0.101904328545323
3139,-0.151596128682967
3140,-0.141889682387783
3141,0.084889325036566
3142,-0.0994337477674242
3143,0.147593843664324
3144,-0.135798194880551
3145,-0.0197037600545598
3146,-0.0453377728607228
3147,-0.0213814785179892
3148,0.124163684915411
3149,-0.290513042240855
3150,0.161242293868129
3151,0.00604805721385479
3152,-0.164675670829348
3153,0.266461006532668
3154,0.238292753517666
3155,-0.14128832606291
3156,-0.0909043103027473
3157,0.0305075049221553
3158,0.106751641423495
3159,0.0337316499389553
3160,0.273138479501416
3161,0.126178723238015
3162,0.0859923184955617
3163,0.041244669906775
3164,-0.159418943996876
3165,0.17181098576878
3166,-0.156703529339957
3167,0.00460324265668807
3168,-0.0619900655381946
3169,-0.284717420319276
3170,-0.0114728228653042
3171,0.135468218397322
3172,0.0492254118144482
3173,-0.0119610665053788
3174,0.101526177400195
3175,0.0818330418867955
3176,0.340176345058517
3177,-0.277426150155676
3178,0.0702017538471557
3179,0.047064604328988
3180,0.00666389019704129
3181,0.189421109555111
3182,-0.0943522609947264
3183,-0.0109692508120972
3184,0.0723232205748427
3185,-0.0292130794750585
3186,-0.065917852636129
3187,-0.117780133757643
3188,-0.0972562395749936
3189,-0.121709898107675
3190,0.026793263117008
3191,0.145480904648678
3192,-0.0285151667887117
3193,0.05533350924882
3194,0.0553217043287572
3195,0.169944606361968
3196,0.0355237813017465
3197,-0.094555862570229
3198,-0.142025175360793
3199,0.115168474791794
3200,-0.198049025079701
3201,0.0650538359976559
3202,-0.0128725131771894
3203,-0.0721346142205562
3204,-0.128379156719985
3205,0.0991500460810663
3206,0.0166627139337309
3207,0.0341860158320958
3208,-0.208439263397773
3209,-0.227883228051636
3210,0.187078172792392
3211,-0.0493801230652753
3212,0.14096534625528
3213,-0.0598537481724823
3214,-0.137723852213216
3215,-0.278111091062374
3216,0.100055891213107
3217,0.0930789226875606
3218,0.0700319901438484
3219,0.108372406577013
3220,0.140166553065815
3221,0.0608283348359515
3222,0.109966599462845
3223,-0.062736134064908
3224,-0.0940572227512233
3225,-0.0398261241171372
3226,-0.264043022338208
3227,-0.0632404518430548
3228,0.0861919383124191
3229,-0.112682560096628
3230,0.209955002695947
3231,0.0483323907786931
3232,-0.277060317808572
3233,0.245883513044168
3234,0.0120914332912235
3235,0.0728529511207036
3236,0.196152663553727
3237,0.174458489303702
3238,-0.0159034720633043
3239,-0.0464168040897979
3240,-0.145534025516464
3241,-0.0507977307563977
3242,0.0976234832742681
3243,-0.142598746350301
3244,0.0332852190016445
3245,-0.128929559532774
3246,0.108666331509706
3247,-0.155651584820418
3248,0.0771888263415058
3249,0.169169019512138
3250,-0.00596984026948565
3251,0.0438923099073135
3252,0.199415259333153
3253,0.255243469883308
3254,0.0242320070154407
3255,0.0613765865382734
3256,0.154399683989116
3257,-0.0196216598091867
3258,0.119548455366921
3259,-0.211645605781506
3260,-0.0544917812739516
3261,-0.0519181749950061
3262,0.118522630676088
3263,0.038631324623006
3264,-0.0889059391820265
3265,-0.0209635395826494
3266,-0.0356212606826163
3267,-0.175031999218307
3268,-0.183142798597851
3269,-0.0536364766107283
3270,-0.302874818626659
3271,0.327134853669045
3272,-0.0279798597432071
3273,0.173803595116879
3274,-0.226528941388669
3275,-0.205177406112636
3276,0.166909912380509
3277,-0.0513304688210544
3278,-0.140597233265452
3279,-0.168820373454471
3280,-0.0440626053919306
3281,-0.142084579600751
3282,0.120043301779716
3283,0.0232588943003275
3284,-0.238436611999239
3285,0.0842198927870003
3286,-0.111588906340594
3287,0.0960772681288593
3288,-0.186128358370712
3289,-0.000604148684780596
3290,-0.226649789040529
3291,-0.212472918277466
3292,0.100127365744645
3293,-0.161322895525752
3294,0.121689952254734
3295,-0.0176290973163619
3296,-0.110245365487745
3297,0.161424198621031
3298,-0.00950709277803027
3299,0.15684336269181
3300,-0.00111135173507616
3301,-0.0122951040724165
3302,-0.0385082469824864
3303,0.292786095021059
3304,0.47834857986167
3305,0.0482601735509463
3306,0.141350121949555
3307,-0.0188167936327114
3308,-0.208734900339602
3309,0.095985897642212
3310,-0.039529883237602
3311,-0.0616999858350975
3312,0.0518047705060092
3313,-0.0117918994889017
3314,0.019773523165837
3315,0.142821056855901
3316,0.206333283902411
3317,0.0877985295991478
3318,-0.146591022431495
3319,0.124489584755971
3320,0.0424937100369256
3321,-0.272474177694654
3322,0.175998962311761
3323,-0.0526609577418132
3324,-0.123417547360865
3325,0.0657085858621727
3326,-0.12888619114194
3327,0.129821709317511
3328,0.00613304188413669
3329,-0.300948447388316
3330,-0.0503371694436696
3331,0.125767755269239
3332,-0.0113148370554089
3333,0.266752605985065
3334,-0.0230286659654602
3335,0.0978592486195372
3336,0.0849147372387952
3337,-0.000103186187534757
3338,-0.0769287135004894
3339,0.218603474287914
3340,-0.143396665316728
3341,0.184771438920704
3342,-0.181871511142679
3343,-0.112161835380419
3344,-0.208338207784207
3345,0.126665219009343
3346,0.169554982853103
3347,-0.0622189487442212
3348,0.0324955241774494
3349,-0.0851016869362997
3350,0.0871812335676231
3351,-0.000840050389011748
3352,0.0526762631654104
3353,0.327974399547158
3354,-0.102833669441762
3355,0.274008621609864
3356,-0.300070091196088
3357,0.226743726430673
3358,0.226835687216012
3359,-0.0500400904499205
3360,-0.217931774638625
3361,0.129509064118104
3362,0.142844021752519
3363,-0.0745971545217036
3364,-0.116109913612778
3365,-0.0188557000647892
3366,0.106629379476185
3367,-0.0035833986983223
3368,0.293212083495195
3369,-0.0676750153421347
3370,-0.129708284982804
3371,-0.0501442876055496
3372,-0.107774721302296
3373,0.069146405009876
3374,0.00689249503357003
3375,0.155735993079126
3376,0.0676891055807459
3377,-0.0497963835136025
3378,-0.106262228409013
3379,-0.100304612671376
3380,-0.143647618476717
3381,0.0646343873794996
3382,-0.148640578133363
3383,-0.0660198983779431
3384,0.299269297611709
3385,-0.114524140171605
3386,0.0713947379858709
3387,-0.0391360734215057
3388,0.314844882823085
3389,0.00508311975541058
3390,-0.209399726297883
3391,-0.19502342105569
3392,0.187706221315268
3393,0.07704940606203
3394,0.0206384798244191
3395,-0.0735125719631409
3396,-0.0643803888242452
3397,0.144825042353541
3398,0.154032852400312
3399,-0.109527125720923
3400,0.130168502641844
3401,0.0817972585131351
3402,-0.276354776201113
3403,-0.279740005776963
3404,-0.0307302035824607
3405,0.134790026480401
3406,-0.0928837253500458
3407,0.0293639925931286
3408,0.0748096360735409
3409,-0.0437961570809884
3410,0.255869268893122
3411,-0.0895570395962109
3412,-0.014024025863254
3413,-0.240529456311242
3414,0.309228473267019
3415,-0.0898241401709377
3416,0.0265235050037183
3417,0.238515521030151
3418,0.0652652016202674
3419,0.095460266947034
3420,0.0860609837353182
3421,0.304439863246355
3422,0.10285261322619
3423,0.0733890517787193
3424,-0.107437106159089
3425,-0.0605189660215273
3426,0.0222287536590441
3427,0.144020261937456
3428,0.139882304761162
3429,0.212775163420957
3430,-0.137189207345698
3431,-0.0323527304013836
3432,-0.16179527145143
3433,-0.0189373888456294
3434,-0.048216493152693
3435,-0.225004104451603
3436,0.173472633889404
3437,-0.0409053053947449
3438,0.0121326112889903
3439,-0.0399418547103291
3440,0.235218639514881
3441,-0.120493331847461
3442,-0.0850194372474226
3443,0.30004550676847
3444,-0.28006415131278
3445,0.125811480917358
3446,0.14343254331643
3447,-0.0429988686051344
3448,0.00790624084413194
3449,-0.208492810942273
3450,0.0827304171340969
3451,0.175792927027378
3452,0.125035851911026
3453,-0.227808120958741
3454,-0.167569614965541
3455,0.22256308911276
3456,0.0428710643717466
3457,0.0259535812906849
3458,-0.171271572166832
3459,-0.227096528635165
3460,-0.15083124773303
3461,-0.0220854603975478
3462,-0.0711505097201876
3463,-0.147968258054886
3464,0.159885584796751
3465,-0.0364823551547224
3466,-0.0594573662752265
3467,0.171547562613632
3468,-0.262981373385984
3469,0.18697984885715
3470,0.0655829432684678
3471,-0.364445024885194
3472,0.23549387057739
3473,0.00122830017426903
3474,0.215906527251969
3475,0.125623247055797
3476,-0.146903945217389
3477,0.183203738720824
3478,-0.0997639736830563
3479,0.218637763393431
3480,0.440040157635691
3481,-0.124871703051085
3482,0.036555608605291
3483,-0.0340124008835723
3484,-0.0795581490810796
3485,-0.157403690832755
3486,0.201828480971159
3487,-0.0328222018349932
3488,-0.0555342392647655
3489,0.107960449956357
3490,0.0768640445715348
3491,0.0682613975560834
3492,0.085761893127894
3493,0.312866034722839
3494,0.0634296317510783
3495,-0.268857000611044
3496,0.0930057165566334
3497,0.0700149159881367
3498,-0.123268624818272
3499,-0.0356758090610506
3500,-0.0803229504286841
3501,-0.198724166352951
3502,0.0360039893894833
3503,0.201393154317972
3504,-0.307874921775405
3505,0.154668139958109
3506,-0.0963765742605396
3507,0.22579234668711
3508,0.210784928668692
3509,0.0500450165879942
3510,0.33587047834194
3511,-0.0739532190459006
3512,-0.0717727152929254
3513,-0.0447121153580238
3514,-0.119072221892301
3515,0.121215303126109
3516,-0.0302520700298643
3517,-0.105168059268303
3518,-0.0883983559687652
3519,0.0810368800190983
3520,0.217905880520607
3521,0.00948515279669723
3522,0.0478972362120471
3523,0.0623744330519876
3524,0.264313019478463
3525,0.119761437477309
3526,-0.0167622793195163
3527,0.0808092992497021
3528,-0.0810272453752414
3529,0.16063816644824
3530,-0.117550279215742
3531,-0.225005869928846
3532,-0.0532950215797411
3533,-0.103626181313975
3534,0.166255134634044
3535,-0.10402437755982
3536,-0.263548924471692
3537,-0.00845335716543626
3538,-0.0278430114796312
3539,-0.00201577740060732
3540,-0.272984332948909
3541,0.0971160128993036
3542,0.169734900123985
3543,-0.101542217540833
3544,-0.0329176222063331
3545,0.108059306662118
3546,0.0866818519809056
3547,0.20963819461886
3548,0.0568624072075528
3549,0.258231265354772
3550,-0.116445537074501
3551,-0.0515314168069138
3552,0.0464881317363172
3553,-0.182357876935068
3554,-0.260995321811578
3555,0.171002403412425
3556,0.29441562038767
3557,-0.215237171021387
3558,0.153083234533493
3559,0.156125688711224
3560,-0.0330927593092718
3561,0.192917292261883
3562,-0.0975499118447206
3563,0.150416286131789
3564,0.22079930024734
3565,0.0269414587041908
3566,-0.226492267548331
3567,0.104141773926582
3568,-0.196095656799203
3569,-0.124309519014897
3570,0.250035056310462
3571,-0.127704463413598
3572,0.0472682819486531
3573,0.248451986942413
3574,0.0952673171686376
3575,0.0419321295734052
3576,-0.0417954470280327
3577,0.0948147003969285
3578,0.0794322785788446
3579,-0.303748102262235
3580,0.016527796216527
3581,-0.122041723447464
3582,0.0234375110209019
3583,0.0665248345142834
3584,0.0607361974155449
3585,0.125234243928917
3586,-0.0317551272988745
3587,-0.0177639295576953
3588,0.0333752911346044
3589,0.315971944354228
3590,-0.194572439005964
3591,0.171433892990164
3592,0.13573364330589
3593,0.0971014256819804
3594,0.0148692292856176
3595,-0.0633018186574856
3596,0.148687527129349
3597,-0.26782077365543
3598,-0.0271105356395552
3599,-0.00905933291039539
3600,0.162082644095832
3601,0.115189971221847
3602,0.0172819453999744
3603,0.14365575664762
3604,-0.080958785006919
3605,-0.186499686999142
3606,0.199295635879482
3607,-0.187341638681676
3608,0.0182482066592427
3609,-0.0657951666829063
3610,0.0661078426349268
3611,-0.133716972074515
3612,0.156324063664055
3613,-0.0593479832453243
3614,-0.0475688414213224
3615,-0.121277074350647
3616,-0.0121996117227704
3617,0.0562694483831338
3618,0.152021204055761
3619,0.0346765331978684
3620,0.0362838885790835
3621,-0.198809636537289
3622,-0.193807788185412
3623,-0.312489544140152
3624,0.161674534374246
3625,0.07262190351493
3626,0.00140895640095307
3627,0.145535312651766
3628,-0.0202108289950355
3629,-0.0297942079504299
3630,-0.443798651610887
3631,0.163199283300035
3632,0.0870207371628727
3633,-0.0599229338182504
3634,0.0515507602272862
3635,-0.0414168278338687
3636,-0.299056321553539
3637,0.106056186232696
3638,0.143114051362774
3639,0.44104257734418
3640,0.0116416871771103
3641,0.00485854681416223
3642,-0.107852732737638
3643,-0.282897645087138
3644,-0.0246470460937476
3645,0.053907025244809
3646,0.115993935922705
3647,0.186175269192418
3648,-0.153506235978181
3649,0.0405224280731943
3650,0.0417734974767381
3651,-0.0141722009607719
3652,0.359954150321795
3653,-0.033601671339457
3654,0.114741725027099
3655,0.0167782168105903
3656,-0.0119285404155
3657,0.146132270108103
3658,-0.0297239225183739
3659,-0.050041262195504
3660,-0.0993066548262576
3661,0.00648333362875388
3662,0.0494628605805538
3663,-0.334696025493778
3664,-0.00843266843712328
3665,0.37152395764727
3666,-0.0463233025569885
3667,-0.276676841166408
3668,0.0869601587659584
3669,-0.0404433345561735
3670,-0.0822439794006114
3671,0.284021198121783
3672,-0.197288748277154
3673,-0.0760618268954296
3674,0.0557385482783883
3675,0.220442394297787
3676,-0.046568205470761
3677,-0.0815363494410732
3678,-0.193360831444425
3679,-0.0571287588891295
3680,-0.0830199207671085
3681,0.210571190275256
3682,0.0102924520827015
3683,0.124251857197001
3684,0.0749418718659873
3685,-0.160669582517038
3686,-0.0919440975554046
3687,0.0689357146453628
3688,0.172605705476878
3689,-0.00713684546525134
3690,0.240363926681491
3691,-0.108157647673811
3692,-0.0183553606201363
3693,0.127916611098001
3694,-0.0923531447291959
3695,-0.105806214194497
3696,0.0308289541320245
3697,0.0100180163336239
3698,-0.279736271496593
3699,-0.0313431926678889
3700,-0.0431050354582489
3701,0.00281405479193003
3702,0.121693068587858
3703,0.331119665636212
3704,-0.131316789529963
3705,-0.24403006113254
3706,-0.116424713814427
3707,-0.126355020912063
3708,-0.139696816226849
3709,-0.0982426839581433
3710,0.05697769673033
3711,-0.0557954288457642
3712,0.117120305644536
3713,0.136503420051245
3714,0.157212554115736
3715,0.00962281568613526
3716,0.0667590890211627
3717,0.225242578233414
3718,-0.207697614184288
3719,0.180269347193097
3720,-0.11324317970049
3721,-0.0255149726152009
3722,0.196736142740401
3723,0.106490058127531
3724,0.00595179914427753
3725,-0.140828117444567
3726,-0.0277959499792928
3727,-0.00530348532165853
3728,0.0207232832720568
3729,-0.0706854378284011
3730,0.259781020986131
3731,-0.117267688994037
3732,0.0289844671421186
3733,-0.0221760392423137
3734,-0.071576881258517
3735,0.154597154314819
3736,-0.193267069642473
3737,-0.0120124897370325
3738,0.0439357551586838
3739,0.111606444915922
3740,0.0958344032046783
3741,0.135801821284737
3742,0.0353947193822912
3743,-0.140653311147803
3744,0.129060503873683
3745,0.0693482788089717
3746,-0.0525792224216104
3747,-0.0460218587285511
3748,-0.0747287260410488
3749,0.252144739792184
3750,0.0187440479672871
3751,0.0180195536576581
3752,-0.0633349563736181
3753,0.112556618107175
3754,0.118534974000435
3755,-0.0708738825822898
3756,-0.0450269282539584
3757,0.0519467570898747
3758,-0.106565738656384
3759,0.088430408598473
3760,0.0700076509060563
3761,-0.383148094152349
3762,0.0452140068602266
3763,0.0578445288432124
3764,-0.193305548100174
3765,-0.0339926721411285
3766,0.00204380779892216
3767,0.118007130176768
3768,0.154682929795347
3769,0.097330780895459
3770,0.105678446829773
3771,0.229031851021557
3772,0.0472709460198495
3773,0.327958485956521
3774,-0.0408999720769633
3775,0.0654784743776376
3776,-0.0707876291843722
3777,0.0890947027871086
3778,-0.0959880607671465
3779,-0.186464505827822
3780,-0.24189485388971
3781,0.0236503497973312
3782,0.0353767720756298
3783,0.0495676353818012
3784,0.207158721195951
3785,-0.177028552625753
3786,0.197708943162477
3787,-0.0490211669997627
3788,0.110335098345865
3789,-0.0489842705818937
3790,-0.0618873313140872
3791,-0.345363975064022
3792,-0.080935309112101
3793,0.210720584806186
3794,-0.108738565968183
3795,0.156423610211976
3796,0.0659103179434493
3797,-0.239221881468885
3798,-0.00652347158224231
3799,0.00885842182622906
3800,0.0642969712299964
3801,0.114938230393928
3802,0.167403761355726
3803,-0.152439918217018
3804,-0.150640555443697
3805,-0.0851658818659325
3806,-0.246405261529765
3807,0.0474226042091199
3808,-0.114012283289205
3809,0.126851608956677
3810,0.166595327601314
3811,-0.282244078949057
3812,0.0938020314143401
3813,-0.0966434661247815
3814,-0.115839685824872
3815,-0.0770189737781638
3816,-0.125005663032045
3817,-0.0429217943049457
3818,0.0361176303780377
3819,0.145650838344719
3820,0.126317692324595
3821,0.156695911467814
3822,0.0378366315280377
3823,0.148869088663342
3824,-0.0693922364093061
3825,-0.142072745199533
3826,-0.104809688262325
3827,-0.0436143514353255
3828,-0.0990626291952506
3829,0.011776408365602
3830,-0.118817539556116
3831,-0.167690019643557
3832,0.0261073709373856
3833,0.146044147296833
3834,0.245675399050503
3835,-0.1229273713804
3836,-0.0200855962954784
3837,-0.0517524364113184
3838,-0.201852544007814
3839,-0.0627162911450635
3840,-0.0870550312723566
3841,0.230483083687539
3842,-0.104676183052877
3843,-0.159213152030386
3844,0.0019650794775634
3845,-0.262147019440225
3846,-0.232870720966608
3847,-0.293373107059707
3848,-0.122517727202939
3849,0.027016741342019
3850,0.308015175297001
3851,-0.0341577738975669
3852,-0.0180866946134122
3853,-0.259680925287876
3854,-0.0211785175551594
3855,-0.0660826896182902
3856,-0.0472694447389397
3857,0.160728019484486
3858,0.0592286032902137
3859,0.12201333155441
3860,-0.153100238368129
3861,0.0201303062022772
3862,0.172573535893164
3863,-0.188085671478325
3864,0.121111451854673
3865,0.186215168366544
3866,0.0646933262912177
3867,-0.105520964692009
3868,-0.0501804002498055
3869,-0.0987642587571073
3870,0.0421218288720402
3871,-0.249200128448087
3872,-0.181951572823128
3873,-0.0216638369087466
3874,0.0268000286296749
3875,-0.149404409892755
3876,-0.165538343493792
3877,-0.0240217328219589
3878,-0.114976842634703
3879,0.0752598647935029
3880,-0.125649959388596
3881,-0.140798579824342
3882,0.15637753132146
3883,-0.174070881849211
3884,-0.431050125056915
3885,-0.114738052283232
3886,0.272437127203797
3887,-0.0843437610795465
3888,-0.0297809511665706
3889,0.0999259299473449
3890,0.0940484075127644
3891,-0.202010561534562
3892,0.156001254480262
3893,0.206665399397796
3894,-0.0566800511278053
3895,-0.171644825026265
3896,-0.0212313860124952
3897,0.167714007406381
3898,0.0516173029405851
3899,-0.0424593470639451
3900,-0.00426376656385335
3901,0.0518921068930094
3902,0.0498018819666552
3903,-0.0450799421203125
3904,0.214107786682451
3905,0.260249498067781
3906,0.138012833893117
3907,-0.310313547508884
3908,0.159012655889708
3909,-0.189080761630272
3910,0.131094393084777
3911,-0.105254578864366
3912,0.0875766851652842
3913,-0.119261932203394
3914,-0.154832879697716
3915,0.0572744554611347
3916,-0.13086569464914
3917,-0.122933886947101
3918,-0.123357765605672
3919,0.0580880743202208
3920,-0.213602279400267
3921,-0.0698928624345517
3922,-0.0572515209416993
3923,-0.15081646371738
3924,0.143770191282295
3925,0.0601106085836282
3926,-0.0189846327597503
3927,-0.164732994393453
3928,0.17645851602713
3929,-0.0803865702025794
3930,-0.192702967753703
3931,-0.0469887857066351
3932,0.0369567340619099
3933,0.0174054572777304
3934,-0.0781239336403542
3935,0.139506956927325
3936,-0.13445438339139
3937,0.197722730515435
3938,-0.10190439661271
3939,-0.263157395289211
3940,-0.0527080947009243
3941,-0.054029211727998
3942,-0.0961956473659186
3943,-0.113790954127164
3944,0.148245748174105
3945,-0.0107962017035742
3946,0.0156592451030203
3947,0.0463422483879413
3948,0.160743232005513
3949,0.0440835384324237
3950,-0.275569422679592
3951,0.424892318282613
3952,0.0840746454381222
3953,-0.135519050891268
3954,-0.10727118130025
3955,0.00189332295429575
3956,0.0215558059318544
3957,0.0702241978542037
3958,0.00805062241169717
3959,-0.146946337235242
3960,0.0628262596360124
3961,-0.295990475002984
3962,-0.121251456967408
3963,-0.0484739740529026
3964,-0.134710188752234
3965,-0.335881030198493
3966,-0.00110535142588805
3967,0.387742569189457
3968,0.212405734848972
3969,-0.180774478063793
3970,0.0423626884838515
3971,0.231839314771254
3972,-0.0470742991173578
3973,0.233760445352617
3974,0.13436905315087
3975,0.130717870107217
3976,-0.0234965033687266
3977,-0.0820129001897173
3978,0.0247896355958605
3979,0.156956853300361
3980,0.0486667574435789
3981,0.0476920599071723
3982,0.209447941976442
3983,-0.039574614826232
3984,0.0830327365290928
3985,-0.104495589221937
3986,0.104871447441575
3987,-0.165827553287531
3988,0.0992073788130042
3989,0.25068764303604
3990,0.150978314783082
3991,-0.0222162095349246
3992,0.138643229821856
3993,0.233601794824692
3994,0.0132804440022765
3995,0.423696448279689
3996,0.0863136826495872
3997,-0.066902554680767
3998,-0.304241384623709
3999,-0.189371245416716
4000,0.00870009880252322
4001,0.0739124799473446
4002,-0.25465713560512
4003,0.220684583552443
4004,-0.00951205923320778
4005,0.184622892180662
4006,0.271122046273518
4007,0.378942338046952
4008,-0.0488775975565078
4009,-0.105818964957028
4010,0.0839254487886942
4011,-0.107065664857718
4012,0.132063720651662
4013,0.0235373818530157
4014,0.0398123073877106
4015,-0.14138181691818
4016,0.190695641478549
4017,-0.0225451763709104
4018,-0.125444599894581
4019,0.1316320535649
4020,-0.119955469880514
4021,-0.0184863495601667
4022,-0.0125180800604831
4023,-0.1138368201953
4024,0.116673884891182
4025,-0.0781819792117691
4026,0.0103597558014432
4027,0.0692729363844621
4028,0.0937222620945463
4029,-0.169961742499449
4030,-0.193041333326191
4031,0.0182141297414463
4032,-0.0132123439700683
4033,0.146867100025843
4034,-0.0986843775900243
4035,0.111949360429837
4036,0.0209454594509563
4037,0.00217137549633463
4038,0.111553502428386
4039,-0.0712989511242306
4040,0.0306476925283032
4041,-0.0251545407295681
4042,0.0441180624670293
4043,0.0714234279789909
4044,0.0406831545397291
4045,-0.119226683511089
4046,-0.00378071722304759
4047,0.121039447906465
4048,-0.169577405166551
4049,0.152761588895543
4050,0.00544542532161459
4051,0.0838613180719714
4052,0.244657761286439
4053,-0.193564432570711
4054,0.157621275222764
4055,0.0720310189674528
4056,0.0728512146247724
4057,-0.100927017208055
4058,-0.233364357121083
4059,-0.182160567986912
4060,-0.251668602499128
4061,0.153772812742024
4062,0.139784146611777
4063,-0.234012378645764
4064,0.15326016177319
4065,0.0161234741539347
4066,0.2125302131619
4067,0.143625379427618
4068,-0.0467962392299453
4069,0.0716388383539341
4070,0.0457645516236019
4071,-0.12520287808235
4072,-0.294360859870189
4073,0.0397923983331563
4074,0.138935099319566
4075,0.199591313031732
4076,-0.0304752276453991
4077,-0.139635324467878
4078,-0.222786519903915
4079,0.0824832206988687
4080,0.0900538204894315
4081,0.325706492377464
4082,-0.0284929822607071
4083,-0.362668568533668
4084,0.140983924374695
4085,0.0370119751878769
4086,-0.391024416993018
4087,-0.00233531277626613
4088,0.0167104356780614
4089,0.12686056426334
4090,-0.00459114348105674
4091,-0.136452694592545
4092,0.0742540195022118
4093,0.154766274452525
4094,-0.193071754867416
4095,0.0638915635158584
4096,-0.0546667112567432
4097,0.0854016174704736
4098,-0.0628725496313635
4099,-0.0327326348186881
4100,0.0317800817562312
4101,0.0663902038696958
4102,0.0879530349218764
4103,-0.0132056583805102
4104,0.214464703911904
4105,-0.224650892656108
4106,-0.139121718024725
4107,0.221095813516521
4108,0.0150838495379283
4109,-0.0910796763353924
4110,-0.211095179096027
4111,0.212497523063473
4112,0.118642833583514
4113,0.0911799565422968
4114,-0.201690430789097
4115,0.00683996332944191
4116,-0.217899229615737
4117,-0.21445178899195
4118,-0.159706519168018
4119,0.0715498286829663
4120,0.0133924942869726
4121,-0.111574868218372
4122,-0.0903202906414631
4123,-0.11815480167886
4124,0.152485245264375
4125,-0.0840536713191483
4126,-0.0747565181981173
4127,-0.0318154500862269
4128,0.00479363619085507
4129,-0.0788250884115006
4130,0.0680202943120617
4131,-0.0845510401252677
4132,-0.184630396360193
4133,-0.174275959719695
4134,-0.179779779480556
4135,0.188649215868697
4136,0.0355640728726033
4137,0.298159349302582
4138,-0.00226753236846328
4139,-0.0675219082516557
4140,0.0632709738426505
4141,-0.109889934113675
4142,-0.101940463118002
4143,-0.0583739982033307
4144,0.0422798393594476
4145,-0.0418953442260074
4146,0.0199277827405484
4147,-0.0799137167821044
4148,0.136683249047495
4149,-0.0022755827785981
4150,0.143390365657481
4151,-0.142139875821999
4152,-0.344665338057447
4153,0.00928947547359238
4154,0.0433788522003153
4155,-0.114569727829619
4156,-0.101488999378099
4157,0.00618752459633568
4158,0.0909574408299167
4159,0.143410869255031
4160,-0.026794282901404
4161,0.10530721559056
4162,-0.0874100159260726
4163,-0.077039752890428
4164,-0.152295771158121
4165,-0.0504243322865896
4166,-0.0880702702234376
4167,0.0598900859530834
4168,0.309974579725974
4169,-0.0904038839878368
4170,-0.184312720389394
4171,0.358172962557219
4172,-0.190997498579447
4173,-0.0809523810941779
4174,0.0549626732973711
4175,-0.246034044869551
4176,-0.317515676932565
4177,0.368237926811246
4178,-0.0439085142485132
4179,-0.280803528249246
4180,0.0645921215192918
4181,-0.160819482871592
4182,0.148625807472227
4183,0.0435619830699583
4184,0.0703378458405097
4185,-0.0448246068821336
4186,0.0181913611984661
4187,0.177536395870929
4188,0.156803589479472
4189,-0.0421245212763676
4190,0.073782535529949
4191,0.128373476980839
4192,-0.136651834037879
4193,0.082956654510221
4194,0.216188732234416
4195,0.0236162295418297
4196,-0.159744459906451
4197,-0.154883219622639
4198,-0.156989832081304
4199,-0.00675467061365493
4200,0.195071599492682
4201,0.00858786352676644
4202,-0.0576559731639119
4203,-0.103231143433568
4204,0.127206026296544
4205,0.108636542910136
4206,-0.255913843875336
4207,0.263753853747081
4208,-0.0378188852903833
4209,0.18454086509829
4210,-0.127066049383397
4211,-0.260392043603888
4212,0.170187398553714
4213,-0.105248109454919
4214,-0.0581576560267023
4215,-0.083380335973428
4216,-0.0950206982674121
4217,-0.00991181322211557
4218,-0.104631849758422
4219,0.16193009071354
4220,-0.321285455373781
4221,-0.126171774896232
4222,0.0581384821179555
4223,0.0796240533541455
4224,-0.239547811545957
4225,-0.0754429202661679
4226,-0.20678945196294
4227,0.113724454734281
4228,0.0165732177340555
4229,0.0116880491396887
4230,0.0599286675020517
4231,0.139098214323128
4232,-0.0223304296201388
4233,0.0712103608182773
4234,0.0670386430254366
4235,-0.314460633373793
4236,0.16788637000525
4237,0.20228453990581
4238,-0.115913023199932
4239,-0.0938146324567687
4240,0.0447151637287651
4241,-0.139900434148653
4242,-0.18943141225666
4243,-0.152284535039495
4244,-0.0108097949714757
4245,-0.193350154768241
4246,-0.286572586756044
4247,-0.231530184998967
4248,0.0954249484490277
4249,-0.244903090210113
4250,0.165459452771039
4251,0.0869004555632375
4252,-0.186057647961775
4253,0.0340779417610356
4254,-0.0928752688414957
4255,-0.175389087317635
4256,0.150115811290898
4257,0.0418721620366883
4258,0.317694095394356
4259,0.145455041843855
4260,-0.264601510028811
4261,0.204300882457725
4262,-0.134744847108997
4263,-0.119183327370942
4264,-0.131318125508714
4265,0.0199483227661288
4266,-0.173602478158036
4267,0.050303824677776
4268,-0.0654179752861794
4269,0.0281666960101012
4270,-0.147394929055916
4271,-0.0717229873027227
4272,-0.00869975242647655
4273,0.0839919439367766
4274,0.06932219054704
4275,0.0870814761563085
4276,0.0902229489412709
4277,-0.0808462009291208
4278,0.235111854411426
4279,-0.215762508993911
4280,-0.132181465907249
4281,0.0473699852621653
4282,0.133032266304826
4283,0.0469874696327683
4284,-0.322294755625563
4285,-0.263546678527388
4286,0.0137942767432849
4287,-0.0947585613994416
4288,-0.110301761737184
4289,-0.104197060090867
4290,-0.0146878474169137
4291,0.0138403109700797
4292,0.016547463252075
4293,-0.0364611744846814
4294,0.0333601387671184
4295,0.00879181077399777
4296,-0.222911290882488
4297,-0.146674634164342
4298,0.141478166892594
4299,0.115648463125613
4300,0.0979901195998026
4301,-0.292917146592356
4302,-0.0884386458979259
4303,0.324657209343132
4304,-0.115255168872292
4305,-0.0373389180928888
4306,0.0107865228885324
4307,0.0230305220564699
4308,-0.317976295525688
4309,-0.0191501968735412
4310,0.185275078531705
4311,-0.0805878189581917
4312,-0.29499703702933
4313,-0.350693055775245
4314,-0.110432288106334
4315,-0.224158625202092
4316,0.0237834873718704
4317,0.00245731816960694
4318,0.0271094819585113
4319,0.110747195673781
4320,-0.072848066732921
4321,0.186591350376816
4322,-0.113144989930068
4323,0.30283384669198
4324,-0.2962047163813
4325,-0.0208113543145897
4326,-0.186170562915252
4327,-0.133720302951727
4328,-0.0166951783198911
4329,-0.0691302290327271
4330,-0.0762056249291519
4331,-0.162740432709108
4332,-0.0820729103276533
4333,0.22653388895662
4334,-0.0301608086522458
4335,-0.128058695441212
4336,0.124440560575524
4337,-0.0675975560953958
4338,0.227613084557551
4339,-0.181655225538033
4340,0.0473137676274006
4341,-0.122677979037642
4342,-0.152323961418869
4343,0.0119345762295037
4344,0.109512347409548
4345,-0.0364621875498679
4346,-0.00162890187025927
4347,-0.203976137532423
4348,0.0579394915384479
4349,0.079135238269741
4350,-0.0141714660978469
4351,-0.156501125075976
4352,0.0882011148929241
4353,-0.309736677847851
4354,0.153353455759601
4355,0.034086820898696
4356,-0.174367407312617
4357,-0.0103553856959679
4358,-0.18522729678242
4359,-0.165181388009583
4360,-0.19292598824425
4361,-0.0154065594414077
4362,0.0882685109139268
4363,-0.300165344225305
4364,-0.163369744233446
4365,0.0868389322413075
4366,-0.0431673386559537
4367,0.0818077642814028
4368,-0.182632222229599
4369,-0.0216171454636052
4370,-0.163238008456069
4371,0.138538694562503
4372,-0.112063163211587
4373,0.0934470758289505
4374,0.0585921816310952
4375,0.00771587013385564
4376,-0.114794372466538
4377,0.0289171058375581
4378,0.0200608125813511
4379,-0.35838395471546
4380,0.115264249873477
4381,-0.0785940097716567
4382,-0.130577172532611
4383,0.10240545067416
4384,0.0923635567330411
4385,0.0228527193858234
4386,-0.169428313790462
4387,0.195778574752268
4388,0.01494071641688
4389,0.0865269463731381
4390,-0.0414258576526194
4391,0.102099612425808
4392,-0.13542968129271
4393,-0.0880019577229597
4394,-0.0472925540014362
4395,-0.101738651489221
4396,-0.085835263197314
4397,-0.0100070729700575
4398,-0.0186286232519557
4399,-0.205664765627062
4400,0.566544537507043
4401,-0.0739903622229746
4402,-0.155940671523107
4403,0.149919822123178
4404,-0.0698964260080623
4405,0.0758214753820483
4406,-0.00492891418223588
4407,-0.345557964191046
4408,0.197988367016521
4409,0.152327393634082
4410,0.124213646292253
4411,-0.0437411972457155
4412,0.00705119930196088
4413,-0.0975697040352008
4414,0.0503869596808603
4415,0.0617463805954921
4416,-0.125896193524965
4417,0.0821480855191646
4418,-0.0618181861849022
4419,0.0188734181261157
4420,-0.0182941689085089
4421,0.182219598820936
4422,-0.176827552165829
4423,0.426891859621268
4424,0.172395585071628
4425,-0.00486802918675344
4426,0.198138637694742
4427,0.0389352897473156
4428,0.227564054143189
4429,0.064674720223799
4430,0.390657568067532
4431,0.10783056051835
4432,0.197060622298663
4433,0.0673854224152705
4434,-0.241747301548276
4435,0.184893057172646
4436,-0.0202789158345913
4437,0.117931814687933
4438,-0.0580390586145664
4439,0.13319243169568
4440,0.126703528173652
4441,-0.135241258316261
4442,0.211988252727829
4443,-0.0871793748538107
4444,-0.113033711051714
4445,0.091792942245762
4446,-0.0547760975715895
4447,-0.0832849796882633
4448,0.171565359610412
4449,-0.174700046076589
4450,-0.129795907923385
4451,-0.268825087343702
4452,-0.09292995270728
4453,0.113727016636009
4454,0.0865988483152198
4455,-0.122763849301571
4456,0.0721363450502032
4457,-0.132365628637596
4458,-0.130253346790321
4459,0.001409244086056
4460,0.177842496781817
4461,-0.0728844891819768
4462,0.149968338165142
4463,0.133636127245591
4464,-0.0820506531140213
4465,-0.130409965737386
4466,-0.145302503065175
4467,-0.129779596287137
4468,-0.158152008441352
4469,-0.0580610402011199
4470,0.173861624477415
4471,0.0720734087763076
4472,-0.141973073480417
4473,0.040635669148338
4474,-0.0705419831250789
4475,0.0559115392696434
4476,-0.149552425858066
4477,0.104834562871224
4478,-0.150881302324527
4479,-0.240170107829222
4480,0.186850393745375
4481,0.3609329843105
4482,0.024196883986031
4483,0.158345603318093
4484,0.391029347476001
4485,-0.0480626720183301
4486,0.057821150636873
4487,-0.240935328562789
4488,-0.0903284847350381
4489,0.101245735696701
4490,0.180791949963884
4491,-0.0260881626399964
4492,0.302183046162617
4493,0.0195977072649027
4494,0.337476242906664
4495,0.0395369050158312
4496,0.084816094667807
4497,-0.121895233595517
4498,-0.0824775335260463
4499,0.0777697842185048
4500,0.138798981991463
4501,-0.0310674379025946
4502,-0.317407901493993
4503,-0.191258235788116
4504,-0.050124173405364
4505,-0.0538226361360403
4506,0.298894340487318
4507,0.295199953816216
4508,-0.0995574167968746
4509,0.0975123429413863
4510,-0.0290439350228718
4511,-0.216686238835014
4512,0.0591575065312576
4513,0.00828235464042808
4514,0.0668780955393318
4515,-0.0193048665056375
4516,0.00146755377437445
4517,-0.217126403165598
4518,0.257093515553757
4519,0.0793615352987113
4520,-0.0925982089226952
4521,-0.0572906366053849
4522,-0.0871151429112645
4523,-0.0188353755368054
4524,0.154521266810275
4525,0.0607549642238814
4526,0.0303846571984121
4527,-0.158814356118957
4528,-0.260506645808336
4529,0.0289901010664765
4530,0.186133695558794
4531,-0.114029015046242
4532,0.044767577011622
4533,-0.137796438460148
4534,-0.00309236166022495
4535,-0.13237596291797
4536,-0.0572669798024141
4537,-0.010661920382578
4538,0.00133441039936563
4539,0.336919885042462
4540,0.138450942811256
4541,-0.164734738653553
4542,-0.0159498447700873
4543,-0.29167542945383
4544,0.0976744047375576
4545,-0.133531477639545
4546,-0.143820710089744
4547,0.147176765916112
4548,0.12235401680692
4549,-0.0359838883515398
4550,-0.160110154572716
4551,-0.0838544508570851
4552,-0.224285557456619
4553,-0.167605521569296
4554,0.282654608290132
4555,-0.0297485086086556
4556,-0.040958802570991
4557,-0.0769673684938975
4558,-0.154838982334884
4559,0.121651490259933
4560,0.0117063598993877
4561,0.150420457503208
4562,0.0929024911085816
4563,-0.248062722873637
4564,-0.294974864036499
4565,-0.126556190841745
4566,0.255704625586502
4567,-0.0269101347905933
4568,-0.188482889071067
4569,-0.0119418308821105
4570,-0.164225585352771
4571,0.102772149428733
4572,0.242040226786603
4573,-0.179084946347058
4574,0.150104779711066
4575,-0.315080870103276
4576,0.0507006032515648
4577,0.210799269105453
4578,-0.123758019731562
4579,0.0240439510510267
4580,0.0687246146563503
4581,-0.0413116901870921
4582,-0.121332129629987
4583,0.239121113124219
4584,0.0397748429888849
4585,0.108144134977947
4586,0.0193011526990904
4587,0.0080428170987649
4588,-0.274351601497867
4589,0.120479261058383
4590,0.124426396322155
4591,-0.13124692352209
4592,-0.150557187094902
4593,-0.0788406850797585
4594,-0.256495971235374
4595,-0.242429740210917
4596,-0.30436809301306
4597,-0.113859551408482
4598,0.21612312428456
4599,0.0607889691052407
4600,-0.127169151171632
4601,0.1888579191675
4602,-0.132686476332258
4603,-0.0945750839070099
4604,-0.0620104894479265
4605,0.257128402017953
4606,-0.0743651726091358
4607,0.0559557244697727
4608,0.034552961674062
4609,-0.0485186610779153
4610,0.084788733342054
4611,-0.108258379762876
4612,-0.124407113307757
4613,-0.0753857892090767
4614,-0.0774254473652185
4615,0.0469827686094124
4616,0.0490718884852117
4617,-0.0678855549387292
4618,0.0521752102691889
4619,0.0367630083776245
4620,-0.12067397194809
4621,-0.244884038897021
4622,-0.106970220053961
4623,-0.0613170540954174
4624,0.0305749924097926
4625,0.265414135223814
4626,0.160868205409367
4627,0.179181262621129
4628,0.137507550105056
4629,0.0670331454445452
4630,0.0172978856356717
4631,-0.26779662269008
4632,0.134763084727647
4633,0.0631112991417325
4634,-0.0785976808738182
4635,0.0352299094008411
4636,-0.100764121955444
4637,-0.00771990280092158
4638,0.0654359778931914
4639,-0.0363994816705832
4640,0.209128662500156
4641,0.0723315587269523
4642,-0.178211909570168
4643,-0.146233337269934
4644,-0.0444356254354301
4645,0.0388271080987521
4646,0.0140160262172555
4647,0.0524832531255105
4648,0.0300024651990436
4649,-0.100592643223369
4650,-0.0599459632172477
4651,-0.0868515457737785
4652,0.0912136709091438
4653,0.0510603457897088
4654,0.0224497008436549
4655,-0.0541395375847563
4656,0.182667756351545
4657,0.118460895201998
4658,0.0941341952553963
4659,-0.223816814902567
4660,-0.0553175231200917
4661,-0.186357753578654
4662,0.090068718091437
4663,0.1606411711621
4664,-0.135178601575533
4665,0.0603569572238526
4666,-0.26188121047455
4667,-0.135155127873954
4668,0.132497753002783
4669,-0.0468470554386281
4670,-0.118644231486755
4671,-0.167757562944927
4672,-0.127493783767705
4673,-0.161454014919533
4674,-0.172754285248339
4675,-0.0282341236779896
4676,0.139147455226844
4677,-0.085071482623628
4678,0.0525056955647992
4679,-0.212242810189838
4680,-0.102498313601833
4681,0.167424706399678
4682,-0.334530922149351
4683,0.0489794299484646
4684,0.153276506249726
4685,0.0441840590598967
4686,0.0325071670410748
4687,0.148261723602119
4688,-0.0564826967663625
4689,0.00488224904809362
4690,-0.080150993537817
4691,0.054476908624142
4692,0.293728923812998
4693,0.0769716324479065
4694,-0.0335189338027973
4695,0.0567985604493988
4696,0.085549325807101
4697,-0.336535222777801
4698,0.0607511682814197
4699,-0.333310301255448
4700,-0.278536753589146
4701,0.148458466704252
4702,0.0676736567155066
4703,-0.0347676630824587
4704,0.0290571082675865
4705,-0.00805478590559824
4706,-0.0198463834218407
4707,0.0148384346117871
4708,0.122658743327367
4709,-0.00867204942931387
4710,-0.105037761052658
4711,-0.1368015595599
4712,0.260105461983719
4713,0.180335209959479
4714,-0.0137974492809613
4715,0.224411805725641
4716,0.0444645155568014
4717,0.0299055774100908
4718,0.074109557774202
4719,0.116682511343058
4720,-0.176092920465246
4721,-0.111855696022188
4722,-0.0177512674625496
4723,0.042193635074146
4724,0.169253131004971
4725,-0.205675985166563
4726,0.162113953686936
4727,0.121429129431328
4728,-0.061079649346868
4729,-0.0595770964077717
4730,-0.146619288780995
4731,0.103266222770394
4732,0.0501167438048074
4733,-0.0282436126175052
4734,-0.0705539220700505
4735,0.157666139277909
4736,-0.0383974659622666
4737,-0.0458305943215231
4738,-0.059116953469082
4739,0.0467096056792931
4740,-0.181341696347789
4741,-0.114130727887262
4742,-0.274223262852426
4743,-0.3780538235551
4744,-0.0102630637972085
4745,0.275428863040569
4746,-0.124374719278544
4747,-0.00294179594834785
4748,0.147230614023992
4749,0.127307385917502
4750,-0.161627114550752
4751,0.10360717733871
4752,0.120421375858505
4753,0.0375545198260508
4754,-0.0484728523030459
4755,0.147123534435724
4756,-0.135405357142219
4757,0.0443054119294103
4758,0.0637895568595602
4759,-0.23859309234604
4760,0.103907981892465
4761,-0.155712014153669
4762,0.0111366471542156
4763,-0.13067266944209
4764,0.132340239834425
4765,-0.048864469160439
4766,0.072734144650743
4767,-0.124339341447694
4768,0.198838983708445
4769,0.315456701530405
4770,-0.141334841679724
4771,0.152252155610756
4772,-0.186548508348164
4773,0.127134762193125
4774,-0.167055036487387
4775,0.160350802348562
4776,-0.23073414418046
4777,0.0288509438417759
4778,-0.325598704401428
4779,-0.156954893838951
4780,-0.0530326755717128
4781,0.0163585394763079
4782,0.124418215581107
4783,0.119817720918198
4784,-0.208126889400231
4785,0.105138439026182
4786,-0.189443702654144
4787,0.0120837301251125
4788,0.267044236628256
4789,-0.124128155117916
4790,-0.0497296241924461
4791,0.0214041546812066
4792,0.0950873976803156
4793,-0.0391636714709508
4794,-0.0645743868590093
4795,0.190453527607783
4796,-0.120925902829232
4797,-0.336073713669537
4798,0.0532639426302463
4799,0.0706566299264513
4800,-0.020015717660384
4801,-0.0630121361431787
4802,0.437945538749064
4803,-0.0544555551559916
4804,-0.0644636670548235
4805,-0.00217299952324516
4806,-0.211518453636588
4807,0.245465749483127
4808,0.201457292990648
4809,-0.112987689886088
4810,-0.0415466365117193
4811,-0.0458093555409034
4812,-0.070751258838233
4813,0.165309776616863
4814,-0.0642633421781619
4815,0.193009826055138
4816,0.350289774116151
4817,-0.0547163747307398
4818,0.237605404773902
4819,0.0861517400088823
4820,0.0599583821488466
4821,-0.190349434563263
4822,-0.162574562309358
4823,0.0390439621861344
4824,-0.103758024590895
4825,0.157620584939534
4826,0.0130341580935795
4827,0.0244685446910746
4828,-0.126593938858301
4829,-0.159328683104046
4830,0.137222928899125
4831,-0.052224822395695
4832,0.0172775956757977
4833,-0.0459310430428037
4834,-0.282325365196672
4835,0.113547830599402
4836,-0.0831843605546216
4837,0.090900323258286
4838,-0.187095147873841
4839,0.111145728481577
4840,-0.0157701253722926
4841,0.238020122179729
4842,0.082267246380327
4843,-0.157579306397646
4844,0.123746892881351
4845,-0.0408912434523153
4846,0.166278030990247
4847,-0.0418106130157299
4848,0.23353753721533
4849,-0.00712845307787283
4850,-0.182326703616688
4851,0.0771161437663337
4852,0.22718683686285
4853,0.242295034280022
4854,0.0132840880544029
4855,-0.0779127530848899
4856,0.0621729325742915
4857,-0.00907440352590068
4858,-0.207970413421381
4859,-0.0327604293562538
4860,-0.0666389809482767
4861,-0.0742336669883492
4862,0.241967137647748
4863,0.223074339596543
4864,-0.0522588649477223
4865,-0.0544582067709471
4866,0.0315724677562636
4867,0.192038060416792
4868,-0.159340839411528
4869,-0.123646442279791
4870,-0.0776452985602851
4871,-0.146023489604682
4872,0.179197576114307
4873,0.327602031547635
4874,0.00209991589010713
4875,0.0776212541372185
4876,0.0214937186359046
4877,-0.110849615494754
4878,0.0507726011733219
4879,0.168324856388811
4880,-0.176376385886897
4881,0.07155164061247
4882,-0.0579256853263123
4883,-0.100762443603466
4884,-0.1126834555605
4885,-0.0264185277287462
4886,-0.0504795426280396
4887,-0.230440897269134
4888,0.0382980368778794
4889,0.0748874875838887
4890,0.0414795849122975
4891,-0.127829290404197
4892,-0.0149077211256574
4893,0.510864966501529
4894,0.029338506803404
4895,-0.0629041279483802
4896,-0.116990292625883
4897,0.0724503473311055
4898,-0.121079748690985
4899,0.0680664185270067
4900,-0.231990032673146
4901,-0.316998207555045
4902,0.0123858074107837
4903,-0.0192352130883488
4904,0.00631795899363545
4905,-0.0313688726858544
4906,-0.067084894688401
4907,-0.0575963909465552
4908,-0.0550414594297707
4909,0.100763688628838
4910,0.215918786096123
4911,-0.184692485036885
4912,-0.318036840735114
4913,-0.0364579407073374
4914,0.140912597478215
4915,0.0476989372846399
4916,0.131488311381243
4917,-0.0726371438689512
4918,0.0258629145053441
4919,-0.127312637864801
4920,0.048848091333423
4921,-0.0826274550979451
4922,-0.211657907615503
4923,0.0128840576974899
4924,-0.183345894465674
4925,-0.0388775018596855
4926,-0.2669491469025
4927,-0.279763846485673
4928,-0.135050269622943
4929,0.503626050362335
4930,-0.121858432686514
4931,-0.142212448281836
4932,-0.104819278685351
4933,0.13654810481706
4934,-0.0774712085393323
4935,-0.194526974323923
4936,0.0779277735078453
4937,0.094793480424399
4938,-0.164582528665872
4939,-0.187223373144201
4940,0.02185121857134
4941,0.0282457004073192
4942,-0.0102198000763074
4943,-0.275236878466076
4944,-0.294934389374141
4945,0.161762188014293
4946,-0.0737981093457126
4947,0.09464636039934
4948,-0.159046886744913
4949,-0.00196088520361369
4950,0.0962059799992889
4951,0.0176118281097734
4952,0.193407620976656
4953,-0.032238529701894
4954,0.217064307372906
4955,0.0160468820765057
4956,0.0709063120877589
4957,0.179539078850792
4958,-0.312849547179926
4959,-0.1336860640076
4960,0.0638812481696521
4961,-0.122875018065927
4962,0.0853746656609061
4963,-0.256122989998673
4964,-0.320737199100625
4965,-0.123369741140411
4966,-0.0535796141961502
4967,0.0133632498088674
4968,-0.06832593229946
4969,-0.232386303607468
4970,-0.00962183710505934
4971,0.0831651220964304
4972,-0.177960048726625
4973,-0.0365428385006769
4974,-0.159940782165975
4975,-0.208417430950706
4976,-0.229515526193074
4977,0.173051098358449
4978,0.163511515818294
4979,-0.196910621185028
4980,0.0621245271028397
4981,-0.360363379171725
4982,0.288264204467457
4983,0.386149827638567
4984,-0.208596359426462
4985,0.128796260521788
4986,0.0991551444051115
4987,0.0967783116790713
4988,0.203010872997136
4989,-0.157111068239399
4990,0.12920759529084
4991,0.316955499480784
4992,-0.0202843529984559
4993,-0.0631319699778077
4994,-0.247964856424967
4995,-0.145991775550132
4996,-0.123679963866556
4997,-0.107888824425422
4998,0.0380374557860464
4999,0.0655971701667453
5000,-0.0116062919842308
5001,0.00427490925132813
5002,0.0626822348131186
5003,-0.199732650843568
5004,-0.0609691113474957
5005,-0.0630024298877342
5006,0.381076979424849
5007,-0.0748766476461905
5008,-0.205431397828434
5009,0.0213198597228298
5010,-0.0109476749729976
5011,-0.00809384808568057
5012,-0.138548597060014
5013,-0.0556872229386667
5014,0.118903042422281
5015,-0.362647661307618
5016,-0.300136946590449
5017,-0.17733811860802
5018,0.0871742223439066
5019,0.159424714522826
5020,0.103164065911476
5021,-0.119770687469633
5022,-0.0465410448606655
5023,0.064043830043356
5024,0.00784325728063049
5025,-0.174761571055673
5026,-0.00435351001605142
5027,-0.0624349993654658
5028,-0.0249918326091635
5029,-0.148026317571273
5030,-0.0965492419973366
5031,-0.153853318167469
5032,-0.0565339171054791
5033,0.000957295130877861
5034,0.0832042610183535
5035,0.0220112238227768
5036,-0.0188539149354167
5037,-0.14222140799208
5038,0.0917735200072777
5039,0.201563898051401
5040,-0.0309967940538328
5041,0.317420125770327
5042,0.160473095779755
5043,0.178500369201053
5044,-0.165139197667288
5045,0.0742114295256301
5046,-0.224784823874226
5047,-0.12325754075649
5048,0.10230515245391
5049,-0.130231050540721
5050,-0.286955550760831
5051,0.112072423213173
5052,-0.268149080469
5053,0.0317589397631655
5054,0.115600007232607
5055,0.00860841816406618
5056,0.0519039922616017
5057,-0.191894830233749
5058,0.0978620142801456
5059,-0.020060344463881
5060,-0.114001606494337
5061,-0.0684504142951574
5062,0.0307950006953691
5063,0.0652450195952875
5064,0.0818132520707374
5065,-0.0238813230515076
5066,-0.0219535487274925
5067,-0.017061701609346
5068,-0.00923016824673257
5069,0.0654670419443819
5070,0.146945688665752
5071,-0.162900861010861
5072,0.135494573279606
5073,0.14147523195866
5074,-0.15158231781332
5075,-0.23470306751431
5076,-0.0253999085178584
5077,0.0878249942834285
5078,0.0190764369643977
5079,-0.0441740318719924
5080,-0.125743550502397
5081,0.0349079173692854
5082,-0.14379819128469
5083,0.152367064586551
5084,0.190275993424703
5085,-0.0634460419291811
5086,-0.0960404102765838
5087,0.0774915266532019
5088,0.191327547692465
5089,0.0985452181423964
5090,-0.187844165057981
5091,-0.127545429419456
5092,0.172521624746375
5093,0.119930564178202
5094,-0.00876968786650771
5095,0.06714342233687
5096,-0.0639881663450277
5097,0.059646422611968
5098,-0.166315049270846
5099,0.0317794023628596
5100,0.0490627676275377
5101,-0.00805333983011162
5102,-0.22270029583841
5103,-0.00424045955165043
5104,0.134432932466184
5105,-0.125620946911427
5106,-0.0716997500576334
5107,0.110219136383201
5108,0.0818662748144518
5109,0.254504493034863
5110,0.0961989101030766
5111,0.00960922853049703
5112,0.181731735231058
5113,0.0956322411698033
5114,-0.141483487253204
5115,0.0540625959205757
5116,0.0742755126123856
5117,0.0775551194878513
5118,-0.033501374705376
5119,0.171008016233307
5120,0.179191338409183
5121,0.216783396817078
5122,-0.0571858184621432
5123,0.113695678109982
5124,0.0485205044246446
5125,0.161975160225652
5126,-0.200557414883258
5127,0.304988509278056
5128,-0.125805739014017
5129,0.0938410963870688
5130,0.0559040559861093
5131,-0.0478833371938924
5132,0.191246192582725
5133,-0.119202312204814
5134,-0.0749095493303061
5135,-0.0181559087409822
5136,0.417430060119088
5137,-0.172824284449273
5138,-0.0777040913169937
5139,-0.207354079976973
5140,-0.00798544061890753
5141,0.0591926251295456
5142,0.0920187706690086
5143,-0.0259331552283835
5144,-0.0884764483016167
5145,-0.407476034698883
5146,-0.0447061487487675
5147,0.0457695614093151
5148,0.0374849233914309
5149,0.186346732719908
5150,0.0523131795337247
5151,0.0369422967990897
5152,0.0968110994162096
5153,0.200110955503815
5154,0.110558147521114
5155,-0.0330823763788786
5156,-0.0596728698876624
5157,0.179317269430215
5158,0.294472033167681
5159,-0.149730561691847
5160,0.111452685617368
5161,0.149398559547829
5162,-0.204006156623116
5163,-0.161610323521954
5164,-0.174267938216066
5165,0.156025060800909
5166,0.109185545099777
5167,-0.174811840900389
5168,0.0734034772722448
5169,0.203748122125588
5170,-0.0326350801399026
5171,0.0560245391441443
5172,-0.160414536302869
5173,0.105980689640668
5174,0.0315924408808986
5175,-0.291723866607652
5176,0.150595530200123
5177,-0.115076921205643
5178,-0.0824500811267695
5179,0.364017805751855
5180,0.246566138724744
5181,0.0124377237665526
5182,-0.136250141013171
5183,0.0727315067370883
5184,0.341468610742293
5185,-0.233294137858053
5186,-0.190502567039742
5187,0.178473828032141
5188,0.118001900060544
5189,-0.12902967298236
5190,0.243870578201226
5191,-0.31432062677926
5192,0.0760603128355195
5193,0.0222401264879779
5194,0.0512185751849934
5195,0.0568304073505361
5196,-0.0360756009337684
5197,-0.0146573698810341
5198,0.323031058241513
5199,0.0346951672443492
5200,0.312259518891744
5201,-0.0885852359998371
5202,-0.255642970639451
5203,0.114206750616881
5204,0.34321717289618
5205,-0.138338359484695
5206,-0.00525211949664747
5207,0.12494749390349
5208,-0.00766175749129561
5209,-0.0961476167168201
5210,0.160173525587218
5211,-0.226985742823029
5212,0.00738590483295114
5213,0.140658454403566
5214,-0.117415615196752
5215,0.112145138627752
5216,-0.0465197247441824
5217,0.0699719709211419
5218,-0.129764679499119
5219,0.0822538177337245
5220,-0.22545239763558
5221,-0.000449521046618627
5222,-0.0467263187837428
5223,-0.00403219949229341
5224,-0.126541316375028
5225,0.0484350198534108
5226,-0.185040507003056
5227,-0.136547608696643
5228,-0.104468322129855
5229,0.0865854753360058
5230,0.0318864540553958
5231,0.163458990151536
5232,-0.216944725064361
5233,-0.147600966872896
5234,-0.28189587042774
5235,-0.165673909458562
5236,-0.0182335992924068
5237,-0.0629729316297804
5238,0.100708369543889
5239,-0.120351783310499
5240,-0.106835158640657
5241,-0.0506324324008314
5242,0.0420841821239135
5243,-0.271066432083654
5244,-0.291493684192008
5245,0.417124884343882
5246,0.0199245500888036
5247,-0.0153808185833363
5248,0.10793306404493
5249,-0.266695057762978
5250,-0.100873423307483
5251,-0.0118941353658166
5252,0.335011451156432
5253,0.0250556184324791
5254,-0.192476218558513
5255,-0.0119720958795184
5256,-0.166745112233476
5257,0.0760405664557032
5258,-0.0743015717719612
5259,0.121935853845753
5260,-0.15577343078217
5261,-0.0898080772257507
5262,0.0666928552549862
5263,-0.152893636354484
5264,-0.0312979104921891
5265,0.0773387121980741
5266,0.0647448232512574
5267,0.219165619666485
5268,0.0516589452512282
5269,-0.0867152059057598
5270,-0.06496851396113
5271,-0.0649795641019842
5272,0.00869224375669495
5273,-0.00452606620950419
5274,-0.0471269846861665
5275,0.104209860382179
5276,0.0203347058549869
5277,0.17305445260742
5278,0.113700774082195
5279,-0.328192502979754
5280,0.108728269857835
5281,-0.0285983046119246
5282,0.217762390684958
5283,0.0450657652294698
5284,0.108962066919076
5285,-0.0685940465877638
5286,-0.222921756832915
5287,-0.0659915668144892
5288,0.146882379543593
5289,-0.10149077995398
5290,0.00828757674691796
5291,-0.0842722391133802
5292,-0.115891468666324
5293,0.065048306416828
5294,0.089082700288244
5295,-0.23329974365899
5296,0.33804090345387
5297,0.134647945332163
5298,0.142616695616398
5299,0.134646220137496
5300,-0.0241621420481985
5301,-0.0665412812879086
5302,0.0853894928779783
5303,-0.162286123325266
5304,-0.120619895691977
5305,0.0737123917643439
5306,0.0269128640783243
5307,-0.32253506351042
5308,-0.109983561359147
5309,-0.0145099195905247
5310,0.0739045330136998
5311,-0.0151965753062057
5312,-0.134709074725976
5313,-0.168872782279814
5314,0.181166338941538
5315,-0.177705434692755
5316,0.0744228147924243
5317,0.147666259439467
5318,0.0487466133731622
5319,0.0379768308540637
5320,0.0309338089033238
5321,0.229800346470623
5322,-0.0985008517674127
5323,-0.0834209706915295
5324,0.0161775533153724
5325,-0.111596925746906
5326,-0.028911594519946
5327,-0.0547794885072968
5328,-0.137146151718753
5329,0.0619049462070112
5330,-0.246815029126387
5331,-0.158579607673724
5332,0.0206631702125587
5333,-0.0113211339815681
5334,-0.10560516344205
5335,0.0137514910140016
5336,0.0734918220549717
5337,-0.308663455596745
5338,-0.00428779281540183
5339,0.0229025292743221
5340,0.0199910433452205
5341,-0.0305163126049542
5342,-0.0439203827010705
5343,0.0453574161572073
5344,-0.151740655350328
5345,0.153467183294031
5346,0.234018691420756
5347,-0.290779431769325
5348,-0.134206342943532
5349,0.183551428242324
5350,0.0164790299104492
5351,0.124861210775583
5352,0.111697429230442
5353,-0.256278826876766
5354,0.0968450970606989
5355,0.103248189085758
5356,0.190663297324411
5357,0.0655827290266699
5358,0.120024319874949
5359,-0.0702246059354407
5360,0.0323582830025886
5361,-0.405184922570317
5362,0.102441443653716
5363,0.110731025841986
5364,-0.0658196763399302
5365,-0.04849715014342
5366,0.119850500601044
5367,0.0705465766064366
5368,0.114866711752294
5369,0.115521633368355
5370,-0.0660747427324678
5371,0.111764442871728
5372,-0.108894897987191
5373,-0.0991322173990352
5374,-0.0730127719326917
5375,0.0236894382252584
5376,0.175389451955868
5377,0.14759906728336
5378,0.113898035405873
5379,0.0132203688033404
5380,-0.00852983406263964
5381,0.13076760825039
5382,0.0650668492785872
5383,0.0947772668817035
5384,-0.0120012263851867
5385,-0.0256775381631566
5386,0.0483563701528381
5387,0.0493248812878398
5388,0.10017855214208
5389,0.0638878289845888
5390,0.0256923310012731
5391,-0.268047569933436
5392,0.0739790747146528
5393,-0.0586536501021543
5394,0.0257823309262023
5395,-0.0567685130062331
5396,0.0798268869378406
5397,0.221142986411893
5398,0.1072511674468
5399,-0.132477610547998
5400,0.198628786800202
5401,0.148842509046701
5402,-0.299063805686817
5403,0.111671461403657
5404,-0.171560824743493
5405,-0.0605423383326537
5406,-0.289757747732243
5407,-0.134367192741681
5408,0.285053581203112
5409,0.0144643942152361
5410,0.382421281425197
5411,-0.0582084350807867
5412,0.0733518515363697
5413,0.136236716274104
5414,0.227566101789244
5415,0.176433042365948
5416,-0.10002364825354
5417,0.31958597966189
5418,0.198644820529487
5419,0.180029326790363
5420,0.0303750336282815
5421,-0.165102920569995
5422,-0.119060998388737
5423,-0.352437047576345
5424,-0.045839009662083
5425,-0.156100682832122
5426,0.108919384209915
5427,-0.200180386123775
5428,0.0816417907018083
5429,0.154112191713769
5430,0.123170937387029
5431,0.0271475253753051
5432,0.145170574804088
5433,-0.0540842400534243
5434,0.0820025807117874
5435,0.182616215807887
5436,-0.0208677901213229
5437,0.191666949836814
5438,0.270005373218625
5439,-0.170709762274304
5440,0.114864594169789
5441,-0.139763799440306
5442,-0.168896785123701
5443,-0.0351442251360257
5444,-0.118644420180515
5445,0.0185995657071076
5446,0.0814512481822949
5447,0.152010322231768
5448,-0.216014736194542
5449,-0.085410172819106
5450,0.15221961353019
5451,0.210109560133393
5452,0.0323185055603326
5453,0.052447022209345
5454,0.071741242632371
5455,-0.135494625838035
5456,-0.0999132292531074
5457,0.107578045862843
5458,-0.126982755879414
5459,0.051043067642714
5460,-0.125579768936588
5461,0.123793548175932
5462,-0.14620695351278
5463,0.0314981043217265
5464,0.114288183603244
5465,0.0149400163651082
5466,0.0460183863183826
5467,0.22373786648508
5468,-0.0221569603732468
5469,-0.186414143705078
5470,-0.0203696153235726
5471,0.0946564656209787
5472,-0.166857255704777
5473,0.0179491441169267
5474,-0.125408519780003
5475,-0.133728096876902
5476,0.117354666578775
5477,-0.134085174801224
5478,-0.0226653681296627
5479,-0.0741193637925535
5480,-0.170669631192219
5481,-0.118329457173677
5482,-0.0474541918402657
5483,-0.00446857642310109
5484,0.229336925024246
5485,0.0613659836947378
5486,0.273635269101956
5487,-0.254957422481718
5488,0.109832787122283
5489,0.00127938762159829
5490,0.115240601590143
5491,-0.0701535003570662
5492,-0.0528152937607384
5493,-0.0774931008501988
5494,0.202097639898504
5495,0.0540757470173073
5496,-0.136851809736452
5497,-0.149020491289614
5498,-0.117266725900621
5499,0.0640231276835198
5500,0.222490660769804
5501,0.183481463074794
5502,0.0205138984516334
5503,-0.0484923787042822
5504,-0.130505225924154
5505,0.00856401131256047
5506,0.0159672958296615
5507,0.058447804945479
5508,0.337880917277339
5509,0.0118182006935367
5510,-0.0140391236631037
5511,0.223235917011155
5512,-0.160177326699283
5513,-0.00914837350274338
5514,0.287732702615166
5515,0.114797624174917
5516,0.170501823851035
5517,-0.0544053529378373
5518,-0.0263122278753922
5519,0.0319403186646863
5520,0.201956012551488
5521,0.122882803039328
5522,-0.0156364849813143
5523,-0.0805757684302478
5524,-0.0794311942441837
5525,-0.199576770081157
5526,0.0289990365839288
5527,0.188063176146924
5528,0.109485771262166
5529,-0.0152302919363434
5530,0.0214687478743925
5531,-0.188110965176412
5532,0.125934488064775
5533,0.0487000629900665
5534,-0.0246068940957013
5535,0.0420787786108718
5536,-0.0325664090557418
5537,-0.218512021757966
5538,0.223261496047423
5539,0.00585290052811249
5540,-0.0592329940189941
5541,0.106629884647024
5542,-0.0987223358841464
5543,0.211636893792199
5544,-0.0658740796434854
5545,-0.169182043615547
5546,0.162026519714287
5547,0.0443536477886595
5548,-0.143517827616445
5549,0.0315431356217942
5550,-0.0398146425721019
5551,-0.32886489087219
5552,-0.112213949307312
5553,0.225659124921666
5554,0.0399288475541757
5555,0.158843906311325
5556,-0.174038381043634
5557,-0.102888889599191
5558,0.281763614668277
5559,-0.211671517873788
5560,-0.206244194093255
5561,0.0158387869695301
5562,0.0497602740632236
5563,-0.0651575703054972
5564,0.0694440433063155
5565,0.0901329826539879
5566,0.0262701031945051
5567,-0.172645389345382
5568,-0.0315872005508059
5569,-0.0443787585523546
5570,0.205797722362683
5571,0.286414876962643
5572,0.0311968354307971
5573,-0.235737039761847
5574,-0.0593990658243628
5575,0.0710384531468136
5576,-0.0908115225656145
5577,-0.033642217339471
5578,-0.000136265029443
5579,0.0252106499769003
5580,0.185753671481979
5581,0.0611524981246803
5582,-0.0289952377840895
5583,0.0759979677455881
5584,0.0735465081868195
5585,0.0322170826303952
5586,-0.0084227248725166
5587,0.10500362445395
5588,-0.0573720025150973
5589,0.233602223979493
5590,0.240167181674674
5591,-0.0142941439737071
5592,-0.00468831215983737
5593,0.0308275639451699
5594,0.156539967977169
5595,-0.174393164762573
5596,-0.178117086554213
5597,-0.122388939249504
5598,0.116296258145574
5599,0.00105401723462814
5600,0.00880528374564915
5601,0.224055754114528
5602,-0.178067388312627
5603,-0.102404011003163
5604,0.132715820428146
5605,-0.108209536691373
5606,0.236490501956432
5607,-0.125637472396124
5608,-0.181943308766283
5609,0.289236523953953
5610,0.090550640761666
5611,0.128093004464651
5612,-0.161634357380217
5613,0.00924495286555434
5614,0.0254736311771706
5615,0.0685290243705751
5616,0.276697796473433
5617,0.0444924018739817
5618,0.0128103088929439
5619,0.106576020650631
5620,0.0693806262710432
5621,0.0987646085934172
5622,0.036470320708788
5623,0.122397901326964
5624,0.386779024630479
5625,-0.343649628895074
5626,0.0834146593572599
5627,-0.0332407710167412
5628,-0.0584142104312575
5629,-0.0737983157481271
5630,-0.00592859098931944
5631,0.164495768729446
5632,0.0160607022102502
5633,-0.0158389588738883
5634,0.0911997090695841
5635,0.0712707201274983
5636,-0.099061057103841
5637,-0.211137955770165
5638,0.0940564616135551
5639,0.0569235659914287
5640,-0.0453372087185405
5641,-0.0326735724151985
5642,0.124670990694978
5643,-0.1994920123888
5644,0.123844921481406
5645,-0.0795255414537463
5646,0.0830236116215534
5647,0.0344469644823078
5648,0.219942803118307
5649,0.225782250923043
5650,-0.0699783363549302
5651,-0.00655359989849423
5652,-0.0746427750613013
5653,-0.0652577044332642
5654,-0.121308895972251
5655,0.17531411953274
5656,0.0211552381625394
5657,0.0736891079029087
5658,-0.0215477185472127
5659,-0.37168029468454
5660,-0.0307258198818595
5661,-0.182620970047471
5662,-0.0174316629574852
5663,0.0714916126519866
5664,0.170071480056027
5665,0.0335578120056408
5666,0.313758578067753
5667,0.123682851988777
5668,-0.123088943304194
5669,0.0136521869433172
5670,-0.0907726221635226
5671,0.132444709777014
5672,-0.0264824471085437
5673,-0.0253229330409416
5674,0.0711326362719412
5675,0.144785542121193
5676,0.0400488569526922
5677,0.125711635127567
5678,0.30574651889992
5679,-0.00618441172180907
5680,-0.164939483526112
5681,-0.0129456733749177
5682,-0.141454419817744
5683,-0.235604345183899
5684,0.00770197711694534
5685,0.0146580879508013
5686,0.112822292788795
5687,-0.0791035911379806
5688,-0.000836911047837535
5689,0.091728694607856
5690,-0.134963436316416
5691,0.0736181581131626
5692,0.0476812769591207
5693,-0.0483449688362372
5694,0.161122999083824
5695,-0.204313575894412
5696,-0.00977114553857204
5697,0.266783609677016
5698,-0.18393522499512
5699,0.192542536651014
5700,0.041538611810994
5701,-0.141501450449919
5702,0.081569737852417
5703,-0.256303513316355
5704,0.163135805377703
5705,-0.341745156503947
5706,-0.291246952081746
5707,-0.377844893744511
5708,-0.00154082107393452
5709,-0.00560799446234241
5710,-0.272614668849588
5711,0.144172719867727
5712,0.130753330870273
5713,0.0240864629054422
5714,-0.22709898586014
5715,-0.0609292668580041
5716,-0.178053751332325
5717,-0.224142610674198
5718,-0.186612436478131
5719,0.0310694674630845
5720,0.093414911992923
5721,-0.0563737650483761
5722,0.0601439724445097
5723,-0.0970612620305136
5724,-0.0972887600549554
5725,-0.115795636281969
5726,0.134612087532589
5727,0.0110659171264885
5728,0.011876723553164
5729,-0.27071661744095
5730,-0.115137640589089
5731,0.391495620961296
5732,0.133125693562517
5733,0.243573840226903
5734,0.0533121356092957
5735,0.105795721466913
5736,-0.229932309038191
5737,0.261089316285596
5738,0.0904530912883368
5739,-0.175679578815262
5740,0.272765400830081
5741,-0.0424689968948655
5742,0.227819765587391
5743,0.00629446219112515
5744,-0.0471196602400733
5745,0.0717684930506629
5746,0.113067983064046
5747,-0.0688352883833988
5748,0.0324480733853601
5749,0.199288131509482
5750,-0.160559950881985
5751,0.0470169790482775
5752,-0.200903272473191
5753,-0.101516590983304
5754,-0.0173062291955502
5755,-0.120676813488569
5756,0.112436425949389
5757,-0.272553037565912
5758,-0.164822499664238
5759,-0.0936071606703966
5760,0.327160927523247
5761,0.118536516531528
5762,-0.0423845322145378
5763,0.0617391174179196
5764,-0.270920295119391
5765,-0.0821876753337975
5766,0.132260563849654
5767,-0.133163789004675
5768,0.0603175180377507
5769,-0.216659607509156
5770,0.0245231754450333
5771,-0.13015252613681
5772,-0.169558552483101
5773,-0.127763979573997
5774,0.0187834491171449
5775,0.00713024619165912
5776,-0.0689213614091533
5777,0.0775925592684073
5778,0.0191653327507056
5779,-0.100044616697252
5780,-0.0364516798977615
5781,0.0382522465570439
5782,-0.0474940900966544
5783,-0.140402477521077
5784,0.0241087230352263
5785,-0.0841245025431621
5786,0.130217206226233
5787,0.0205016317561727
5788,-0.137945048381636
5789,-0.0521442705965291
5790,0.126552078845818
5791,-0.28438955309729
5792,-0.0295398269841029
5793,0.107953120962595
5794,-0.0109053002356712
5795,-0.178011947596898
5796,0.132189920811611
5797,0.0102962432781923
5798,0.043367042583978
5799,0.201255427937659
5800,-0.148512601619431
5801,0.167702662418277
5802,-0.310236300273373
5803,-0.0857093290019973
5804,-0.0484700699633542
5805,-0.0832458041755377
5806,-0.0712407478527316
5807,-0.0719267592093951
5808,-0.0989136103438538
5809,-0.287092821162246
5810,-0.164382671308747
5811,-0.0561459106829457
5812,-0.0187285663465322
5813,0.193295083179856
5814,-0.0687762813540374
5815,-0.148939879567259
5816,0.0105627756161082
5817,-0.138639389214046
5818,-0.180084710045004
5819,-0.294160469430734
5820,0.0556206423223504
5821,0.170780287952901
5822,-0.0457936923685421
5823,0.0682240433047277
5824,-0.164551969639072
5825,0.0797295449666375
5826,0.0326414557799534
5827,0.093556522761676
5828,-0.130734359587859
5829,-0.184269170003805
5830,-0.120634020740289
5831,-0.0689987087276234
5832,-0.059642201076621
5833,-0.308998685837488
5834,0.00497363085869012
5835,-0.0122130102526183
5836,-0.403399818505367
5837,0.334129990943095
5838,-0.0582459450781467
5839,-0.100486714053961
5840,0.0275997100148751
5841,0.188209752470756
5842,-0.188169990976513
5843,-0.294322593289052
5844,0.089851295353591
5845,0.281186827248142
5846,-0.132877247661741
5847,0.217621015925709
5848,0.0100054465639988
5849,-0.10600382450593
5850,0.0608452548592758
5851,0.126831964193017
5852,0.0766158809959164
5853,0.105566356745063
5854,0.215656853199064
5855,0.105980637418565
5856,0.18276877608133
5857,0.0413550196676397
5858,-0.194626395686197
5859,0.107804003958903
5860,0.215199314647153
5861,-0.0112433631079452
5862,-0.0559326774245028
5863,-0.0460597000026954
5864,-0.113196308439267
5865,0.00123090535453656
5866,0.170041822509245
5867,0.22355716996923
5868,-0.0318603256792533
5869,0.0917334960075142
5870,0.21772685776398
5871,0.0184361761267891
5872,0.0952568096001869
5873,-0.0477018739433159
5874,0.0549733049112149
5875,-0.0392279600280044
5876,-0.0330184450656346
5877,0.129326368324337
5878,-0.189671915477543
5879,-0.0645403798295433
5880,0.0683972728915888
5881,-0.310830970374412
5882,-0.214083569759718
5883,0.157957762906934
5884,-0.000713310895693181
5885,0.00762499200078656
5886,0.00555896822934162
5887,0.246164188639232
5888,0.280342160104125
5889,0.0775611165446678
5890,0.185109345330288
5891,-0.0217389008047787
5892,0.183483464240011
5893,-0.199692004581282
5894,-0.0310335123789362
5895,0.212525035509482
5896,0.0449120985160771
5897,0.0015406152573372
5898,-0.203705592236288
5899,0.134481577324531
5900,0.300823680785102
5901,0.131087997817286
5902,-0.0863762289464234
5903,-0.237795547204114
5904,-0.125316713401323
5905,0.0988636655035949
5906,-0.113351218443587
5907,-0.0923940623405322
5908,0.00230682430312995
5909,0.292458242580222
5910,-0.0420705706129076
5911,0.0176093600856136
5912,0.0933804113014076
5913,-0.0383535641781583
5914,0.187001311131875
5915,0.00558667962144372
5916,-0.304991389695725
5917,-0.171495873688322
5918,0.107344791018717
5919,0.302021368653734
5920,0.0566517577260186
5921,-0.0523725145909515
5922,0.11489667761582
5923,0.0503146822763478
5924,-0.0700913637432305
5925,-0.0895424981610895
5926,-0.208570219290434
5927,-0.0702093753959075
5928,-0.0192797733700256
5929,0.0858042864905595
5930,-0.236716206110834
5931,0.113694666080219
5932,0.0665158718920129
5933,0.0594608897160015
5934,-0.0891393580754906
5935,-0.0446516133494231
5936,-0.00763751455040745
5937,-0.0537065350917818
5938,-0.119815624457099
5939,-0.0939148741615733
5940,0.0616497661470385
5941,-0.19278752439266
5942,0.0752205148633737
5943,0.19997240116403
5944,0.0268956743757415
5945,0.210482825344233
5946,-0.131183718003052
5947,-0.12526624686107
5948,-0.0277001346750528
5949,-0.386907404651469
5950,0.18796648806354
5951,0.0773021140759937
5952,-0.175773657854924
5953,-0.119714674781321
5954,-0.00807511426628624
5955,0.0562122985114561
5956,-0.0760228868897471
5957,0.00874612488713201
5958,0.190754366926948
5959,-0.141705468136231
5960,0.293465744469547
5961,0.0142364613296021
5962,0.0984738288231361
5963,0.159751329655866
5964,-0.0240628368434173
5965,0.247006773233021
5966,-0.0767966664522533
5967,-0.161698687388435
5968,0.152310508231102
5969,-0.251819207307559
5970,0.284855376151246
5971,0.0470345965890111
5972,-0.185639319149897
5973,0.00745349881648941
5974,-0.0358448102178952
5975,0.057390126780886
5976,-0.165565737778491
5977,-0.0533362604511264
5978,0.136411962973158
5979,0.00173677223436762
5980,0.162313706995904
5981,0.187480785304919
5982,-0.0541081531401864
5983,0.0861555673864561
5984,-0.0144148429059958
5985,0.356589239478759
5986,-0.125306072513035
5987,0.0901914473089337
5988,-0.136410793324572
5989,0.200934240978289
5990,-0.287390849578477
5991,0.162338306933067
5992,-0.0485325189651644
5993,-0.0154335019018373
5994,-0.0492939566575824
5995,-0.0323927956950527
5996,0.15515269870855
5997,0.113697808356175
5998,0.240341049301948
5999,0.0362155386845242
6000,-0.194585881549106
6001,-0.147149936491539
6002,-0.2151658742031
6003,0.0652580215482742
6004,-0.137682719328174
6005,-0.0883090693006333
6006,-0.0324916269712754
6007,-0.2685338020702
6008,-0.0108613985172318
6009,0.0291394736960048
6010,0.00510785071468375
6011,0.302879465270807
6012,-0.00267044628689133
6013,0.160854403053962
6014,0.0921499427866322
6015,0.0124469165268654
6016,-0.311889244309184
6017,-0.102484195145173
6018,-0.0778125989453029
6019,0.0497781449365452
6020,0.246751506357809
6021,0.137225477418588
6022,-0.231065618205086
6023,-0.233010134016357
6024,0.0385907356438132
6025,-0.02768789730686
6026,0.102791986491312
6027,0.129261856600524
6028,0.00826789991351999
6029,0.0235887718499531
6030,-0.118316266279368
6031,-0.096008125442823
6032,-0.028920965455952
6033,-0.0006318698686677
6034,0.0316980763076197
6035,0.211268116829947
6036,-0.280698191801999
6037,0.0601329179609005
6038,-0.0438576108625203
6039,-0.213795190971668
6040,0.184972046066271
6041,-0.025665333798583
6042,0.02674845503711
6043,0.0152950612278953
6044,-0.0186003480401421
6045,-0.201015021016047
6046,-0.0638391687039837
6047,0.157361658965188
6048,0.0223505500123558
6049,-0.019788543882708
6050,-0.0712725013206509
6051,0.182691959888883
6052,0.147976376343465
6053,0.0152366509762358
6054,0.129923796635599
6055,0.147524537605549
6056,-0.0724720472660928
6057,0.00808198159801009
6058,0.244554512214036
6059,0.303039842768761
6060,-0.0504603263870022
6061,0.0944498898922346
6062,0.00206204038101151
6063,0.0378290809994531
6064,0.0479834555842582
6065,0.0238130061241014
6066,-0.0678104602211522
6067,-0.262340765121786
6068,0.0179170062305145
6069,-0.0542197386417902
6070,-0.0903463451193056
6071,0.21501757719929
6072,-0.0254351140063132
6073,-0.0372814777307515
6074,-0.0191049279085662
6075,0.048930639655728
6076,0.133050138846318
6077,0.0799550638641121
6078,-0.0229997452172244
6079,-0.115399304017906
6080,-0.0142310934866513
6081,-0.181428915822794
6082,0.12637408271208
6083,-0.398565612776632
6084,-0.110883857289657
6085,-0.140711300355158
6086,-0.243807181304724
6087,0.0943442753957393
6088,-0.0920282595860028
6089,0.219360109995469
6090,-0.0380495042027756
6091,-0.0160508740301233
6092,0.534582057657862
6093,-0.148983045005903
6094,-0.123437377985996
6095,-0.0253369598658994
6096,-0.231828729880625
6097,-0.209228987234684
6098,0.294119817563603
6099,0.0172220218622016
6100,0.115773466402605
6101,-0.0445688276709487
6102,-0.0386681476423724
6103,0.0817100593916313
6104,0.240694383242473
6105,-0.0531830805811153
6106,-0.155517294283827
6107,-0.0998648753701819
6108,-0.0243308358029798
6109,0.0341939626268635
6110,-0.340374271412255
6111,-0.168669184004103
6112,0.0595535903518028
6113,-0.0899533879587083
6114,-0.139631959922303
6115,-0.148615731146934
6116,-0.115543324712006
6117,0.0599392171422727
6118,-0.0352890274841472
6119,-0.0241373241687187
6120,0.0877671172319743
6121,0.0339341378060041
6122,-0.0849531814645629
6123,0.0395187025156061
6124,-0.123426514462696
6125,0.338231067358233
6126,0.192475631833137
6127,-0.239631178217729
6128,-0.0837961142789027
6129,0.216289185795256
6130,-0.129976895183808
6131,-0.220499745148722
6132,-0.164177734209712
6133,-0.341757676393302
6134,0.00623782781864597
6135,-0.0826245971622067
6136,0.366499592557244
6137,0.211914730523028
6138,-0.0773361210035304
6139,0.0919940779340632
6140,-0.215331280280402
6141,-0.0694196768467613
6142,-0.0179980225563688
6143,0.0395979941898017
6144,-0.00353111120466529
6145,-0.157158912964833
6146,-0.194258181695159
6147,-0.0818281768184196
6148,0.0943948507808063
6149,0.0893846745267438
6150,0.239970537177652
6151,0.0914122519938316
6152,-0.112070598319088
6153,0.0362232038843023
6154,-0.119082413971178
6155,-0.12788151215118
6156,0.252330873720153
6157,0.207466998765903
6158,0.0614140329228776
6159,-0.077750895860474
6160,0.0990429027064599
6161,0.137846301541152
6162,0.250357254829189
6163,-0.0259428277479654
6164,-0.17356663211775
6165,-0.172891508688188
6166,0.107134692188543
6167,-0.110273141954731
6168,0.0443832794296435
6169,0.0732812120951466
6170,0.0620831598033454
6171,0.17536192958589
6172,-0.028044184733994
6173,-0.0669427280813898
6174,0.251389390600367
6175,-0.148632930724724
6176,0.138149704453271
6177,-0.0519848141277716
6178,0.201499221400194
6179,0.071747602284033
6180,0.183680950465644
6181,0.116479542471798
6182,-0.136391654220065
6183,-0.0796620603480767
6184,-0.130289595357001
6185,0.226186616653779
6186,0.0276373308825844
6187,0.0706616417958338
6188,-0.0802735403293918
6189,-0.250536922654902
6190,-0.19647057446374
6191,0.058336278490422
6192,0.0453642666915649
6193,-0.156946360856054
6194,0.0929122602927925
6195,-0.11441316564609
6196,0.0461302518101014
6197,-0.0543157206711038
6198,-0.180804848580603
6199,0.278828358592058
6200,0.126646864832012
6201,0.0721880685227934
6202,0.0207642664900483
6203,-0.17363308143308
6204,0.053310932466088
6205,-0.180059626019507
6206,0.0520962703649282
6207,0.0244974515710938
6208,0.022706822787852
6209,-0.14756216605161
6210,0.109166811059643
6211,-0.0547733938722949
6212,-0.0671376103032869
6213,-0.168532359945976
6214,-0.051651227004672
6215,-0.0276030120465898
6216,0.130337231534553
6217,0.00994557117226753
6218,-0.138544083134251
6219,0.0468498477026438
6220,0.159776443401556
6221,0.258971806352277
6222,0.0732329579418217
6223,0.0375101299940918
6224,-0.0122208803153169
6225,0.105834944899717
6226,0.254984221398399
6227,-0.0829287926739064
6228,0.0382277306962585
6229,-0.0285156538631142
6230,0.0600223881924727
6231,0.00320032975954478
6232,-0.145360372551754
6233,-0.0588326946760611
6234,0.0108757051922197
6235,0.41194257669754
6236,-0.0883650534599487
6237,0.00836308022976252
6238,-0.0855245283854541
6239,0.152682396508909
6240,-0.208084272664776
6241,0.042387282517689
6242,-0.207363520619579
6243,0.155197757585286
6244,0.0561024598782579
6245,-0.142646189928699
6246,-0.295653520770842
6247,-0.0955899800498629
6248,0.231918545095306
6249,0.116023181896085
6250,0.101082273003292
6251,0.312029346047495
6252,-0.220556530128265
6253,-0.0147957230970055
6254,0.213747453449126
6255,-0.2540375182317
6256,-0.0195068204456134
6257,-0.219494285066541
6258,0.163670206222558
6259,0.071277618339961
6260,-0.0913264329123368
6261,0.142915238761082
6262,-0.131040411586768
6263,0.0110150741023216
6264,-0.0882232635384891
6265,0.129157404522995
6266,-0.257676762574385
6267,0.261394424266634
6268,0.093005810112299
6269,-0.0150456261620864
6270,0.205503203126581
6271,0.128243543288397
6272,-0.29762763192772
6273,0.155357910259945
6274,-0.188363893316406
6275,-0.0522077635008328
6276,-0.0894486049417204
6277,0.0178139652611525
6278,0.172823885266084
6279,-0.0671539705962149
6280,-0.143911167433612
6281,0.225475973242802
6282,-0.174124519470506
6283,-0.129906918271733
6284,-0.0747375279306655
6285,-0.123130623708846
6286,0.0669265365727655
6287,-0.056258717116859
6288,0.0210143434419314
6289,-0.116491205147593
6290,-0.0191915544167408
6291,-0.0370552484061668
6292,-0.0282034700721634
6293,-0.235846925976053
6294,0.208725036261606
6295,-0.168700638854966
6296,-0.132649484204667
6297,0.166705769845675
6298,-0.0058933342526996
6299,-0.113341396509829
6300,-0.0773049964198311
6301,0.076106089707413
6302,0.159422425464561
6303,0.100762422032457
6304,-0.250342076832252
6305,0.220903461549883
6306,0.0561414679286375
6307,0.279348094686028
6308,0.276551807152929
6309,-0.182729470395965
6310,-0.0336259288658865
6311,-0.0210772989123297
6312,0.131073507116325
6313,0.161453672321803
6314,0.0390489707467958
6315,0.0111121596180804
6316,-0.207625655420801
6317,-0.0262621935005279
6318,-0.312552906407258
6319,-0.033619355562358
6320,-0.0520725356315844
6321,0.0247581839944601
6322,-0.273631481139805
6323,-0.328175708886707
6324,-0.0969324926502202
6325,0.0410747619430713
6326,0.013361479448821
6327,0.290590324356651
6328,-0.149783173659737
6329,0.11173178313944
6330,0.165816237040589
6331,-0.175017952596773
6332,0.117402653833729
6333,-0.0959995260340748
6334,0.0183787205882993
6335,0.0148400420375262
6336,0.177568633545182
6337,0.066917560518853
6338,0.0199457798705023
6339,-0.345400309478512
6340,0.0407338453065599
6341,-0.128882169978252
6342,0.0430443837410057
6343,0.216691771392044
6344,0.105419425782153
6345,-0.0648118080011954
6346,0.418867837405193
6347,0.0567364287534419
6348,0.0710826039716114
6349,0.288136495877106
6350,0.106227997875345
6351,0.323507693809799
6352,0.0830824466003644
6353,-0.116481929378799
6354,0.211145931962534
6355,-0.00945825087988941
6356,0.0140449740009142
6357,-0.0914942223888175
6358,-0.253490758367091
6359,0.0287582930374195
6360,-0.030975403319626
6361,-0.116344312500312
6362,-0.248579052452082
6363,0.142393887940289
6364,-0.125897438912193
6365,-0.236831583495698
6366,0.0523234150792873
6367,-0.188577575240105
6368,0.124749666501715
6369,0.16574119436246
6370,-0.0218504958350261
6371,-0.0639432862887621
6372,-0.000684608468089168
6373,-0.160101536851577
6374,0.0338061682599458
6375,-0.0709134389783374
6376,0.226873447666845
6377,-0.14347946350496
6378,0.0196626679054791
6379,-0.056433831020661
6380,0.0511062832144883
6381,0.077628530279281
6382,-0.131574652335864
6383,-0.2355279860263
6384,-0.157098330475796
6385,0.0797648468444616
6386,-0.139012807881663
6387,-0.193840912908735
6388,-0.0625354246866015
6389,0.111526713523851
6390,0.100012958546076
6391,0.0179735997353303
6392,-0.289180304419658
6393,0.105722792542441
6394,0.0879210499842932
6395,-0.168500568931613
6396,-0.048021712108785
6397,0.34364176779247
6398,0.0414448453044096
6399,-0.15984826385143
6400,0.0268701332123569
6401,-0.0918850942352213
6402,-0.173760986732271
6403,-0.0649517611339269
6404,0.279017118965419
6405,-0.0315059340599101
6406,-0.221502799522915
6407,0.163379809560212
6408,0.013437077944047
6409,0.0178384330186572
6410,0.0653803171179346
6411,0.313145825981362
6412,-0.0736986532263737
6413,-0.0752910719892144
6414,-0.121150560078249
6415,0.247622827816964
6416,-0.0539978291766488
6417,-0.122696928864773
6418,0.0116240665343609
6419,-0.140573457569505
6420,0.254910207389945
6421,0.055209559102722
6422,-0.00915120890464408
6423,0.28240878658275
6424,-0.0149602089074625
6425,0.144570031549429
6426,0.135844152382167
6427,0.0623495332028453
6428,-0.0446304604734192
6429,-0.123025593937792
6430,-0.22444114640873
6431,0.0207735858196159
6432,-0.0446752427012365
6433,-0.00226648577640014
6434,-0.309099112155679
6435,0.00538952031832867
6436,0.00428362582589571
6437,-0.324377897152122
6438,0.00321922370441423
6439,-0.167790985764805
6440,0.00357161212706471
6441,0.0690636916720373
6442,-0.170826788109045
6443,0.147119935060893
6444,-0.402921674855937
6445,-0.123831611458614
6446,-0.113401102338535
6447,-0.0370385123410268
6448,-0.0822255148679732
6449,-0.167679606622014
6450,0.00103151374140384
6451,0.122307423943265
6452,-0.148111163769033
6453,-0.154155388284919
6454,0.0247173833964979
6455,-0.0341508536715909
6456,-0.100385844334704
6457,0.208549780789512
6458,-0.062505081871389
6459,0.088277020905874
6460,0.019659587362087
6461,0.0807042707252624
6462,-0.0892604941557808
6463,-0.0578363942686156
6464,0.0805989307987076
6465,0.255161159888453
6466,0.0304675908007225
6467,0.234124414767974
6468,-0.0544736539130998
6469,-0.0792378563195785
6470,0.074445854255382
6471,0.183421891042674
6472,0.125876772240092
6473,-0.128698401034842
6474,0.101287933773472
6475,0.213248885243786
6476,-0.39009951506711
6477,-0.0376997299044168
6478,-0.0506290534676731
6479,0.01698480350004
6480,-0.18649448236792
6481,0.0237649325281163
6482,-0.116964433443796
6483,0.307779663176268
6484,0.130453335824682
6485,-0.116993618416057
6486,-0.105351989354094
6487,-0.174379999283096
6488,-0.029903433649931
6489,-0.0889200706908478
6490,0.040484469782395
6491,0.207130262173569
6492,-0.255067272128652
6493,0.132754448124035
6494,0.0511710648537447
6495,0.0520740203501799
6496,-0.182270020729218
6497,-0.142764147882655
6498,-0.0595816940807949
6499,0.17742030555278
6500,0.026037234839861
6501,0.088698018151049
6502,0.129808461815319
6503,0.12208632937071
6504,0.0485577962111801
6505,0.0346353140494636
6506,-0.280128226066865
6507,0.198528865205305
6508,-0.0641561266966286
6509,-0.025563927694231
6510,-0.122133685269509
6511,-0.0598001153898104
6512,-0.0154245181485952
6513,0.057850865537652
6514,-0.0565365430888264
6515,-0.0218787235720784
6516,-0.111816840856793
6517,-0.271825077321311
6518,0.174415987848524
6519,-0.0547501084006826
6520,0.0163069469836144
6521,-0.230452792308993
6522,0.350323298729654
6523,0.141449741690473
6524,0.268228318969621
6525,-0.0227637569902018
6526,0.0556555969360742
6527,0.0336775568122639
6528,0.0482867798720557
6529,0.0762661203598484
6530,0.222227553802364
6531,-0.0146363461352426
6532,-0.140027642594473
6533,-0.129230098196122
6534,-0.0894423586566168
6535,0.215581248927847
6536,-0.00963427888446146
6537,-0.0546018464775137
6538,0.0360721002987422
6539,-0.130547410061712
6540,0.127707043797939
6541,-0.011880753340247
6542,0.138658102698
6543,-0.199442977003333
6544,0.175640641390913
6545,-0.128440591077397
6546,0.11266513742721
6547,-0.00055712347553271
6548,0.283403600757355
6549,-0.244906300067821
6550,0.183224050230354
6551,-0.116362189310441
6552,-0.0707441219689964
6553,-0.245196949139794
6554,0.106414961215792
6555,0.156543682062142
6556,0.101930925469659
6557,-0.136628595439711
6558,-0.0888393566495895
6559,0.120770478331167
6560,0.15781159746774
6561,-0.209205892091422
6562,-0.0598267558609158
6563,-0.182612104627592
6564,-0.0732302517196917
6565,-0.196389340992853
6566,-0.00688802313962886
6567,-0.157060437853041
6568,-0.00398493383043128
6569,0.307329382208616
6570,0.0240988365380598
6571,0.0256871358142831
6572,-0.0417037806053835
6573,0.0241653188438557
6574,-0.146364066729206
6575,-0.0731917525358363
6576,-0.042752883888525
6577,-0.105250743368215
6578,0.220602910715144
6579,0.140164543594764
6580,-0.0819453308540346
6581,-0.068657150772129
6582,-0.0592838176711511
6583,-0.0509249763536118
6584,-0.150300244190424
6585,0.11505859574323
6586,0.0657790119186043
6587,-0.275744210635466
6588,-0.0693378602259146
6589,-0.0272237910322196
6590,-0.238855566659693
6591,0.0610540596181797
6592,0.0854238368204828
6593,0.0506931354918766
6594,-0.0300094074750053
6595,0.0422380443354089
6596,0.176929243784799
6597,0.0819965063288457
6598,0.02521268924095
6599,0.0112475319675093
6600,0.00236293402304094
6601,0.0219518326467178
6602,-0.0105806952188832
6603,0.127056027242673
6604,-0.234437241359692
6605,-0.279527645831825
6606,-0.243498949010295
6607,0.126951385026044
6608,0.0885997285104383
6609,-0.221722617525294
6610,-0.011455414208699
6611,-0.264442142435591
6612,-0.0707171119750431
6613,0.0376098803067643
6614,0.245927254173242
6615,0.00816618393834395
6616,0.0349460320841812
6617,0.0388119826477391
6618,-0.0218051556520459
6619,0.0459042653805246
6620,0.0162237060870708
6621,0.0339405967980208
6622,-0.0390348095896729
6623,-0.194001859341621
6624,0.236557154820691
6625,-0.0535744225071909
6626,0.0296322027398374
6627,-0.110185755868294
6628,-0.0901862760343336
6629,-0.107940706989047
6630,-0.0117301427361648
6631,0.234319713376431
6632,-0.0272271313282878
6633,-0.161638712697018
6634,-0.341134210430774
6635,-0.154634176257868
6636,-0.0232296449196608
6637,0.169369448331017
6638,0.170948372259947
6639,-0.166066124625503
6640,0.145540555767323
6641,-0.14771906741521
6642,-0.0140247221399118
6643,0.165478756310719
6644,-0.143838909250912
6645,-0.110701918101866
6646,0.245976651931615
6647,0.144542740908607
6648,0.0548249462499489
6649,0.254212350069017
6650,-0.182698233465118
6651,0.0290959189110154
6652,0.0337610170961535
6653,0.326156115233021
6654,-0.0406641149096884
6655,-0.178590326737501
6656,-0.00214238578316683
6657,0.134256438028252
6658,-0.0886774606826442
6659,0.00979446579392703
6660,-0.0488313292756048
6661,0.206319310388311
6662,0.236328418385459
6663,-0.196232832327678
6664,0.0992087534696805
6665,0.0463734414814029
6666,-0.258917238872786
6667,0.0630546169538581
6668,0.268435945277139
6669,-0.183308584022592
6670,0.0363006399630483
6671,-0.192112995830078
6672,0.0557548219281179
6673,-0.110116182901184
6674,-0.206379151022811
6675,0.0505943627937436
6676,0.19699517461229
6677,0.0219085750769002
6678,-0.0269112338100089
6679,-0.0754160917630811
6680,-0.151030721985127
6681,0.100703474677056
6682,-0.138272879886786
6683,-0.103639378789459
6684,0.0561394038417364
6685,-0.0709396494565794
6686,-0.192015918975842
6687,0.257982617103016
6688,-0.0410123589562446
6689,0.131577776146668
6690,-0.137106398805203
6691,-0.045198515735353
6692,0.109769262947853
6693,0.106991459478362
6694,0.18752424421485
6695,0.278216067323202
6696,0.0470027703477943
6697,0.0932961460282621
6698,-0.163435904446458
6699,-0.235923625280838
6700,-0.0211870242542897
6701,0.161138829627648
6702,0.0622833098778396
6703,-0.00936636499723115
6704,-0.288137542053217
6705,0.183381108316219
6706,-0.16755269363869
6707,-0.25267725192671
6708,0.20197551491527
6709,0.0895776849994645
6710,0.197536984320464
6711,0.017904689211678
6712,0.129845097051076
6713,0.00488331913848838
6714,0.0499397281143027
6715,-0.145119508803421
6716,-0.0843761454046783
6717,0.0752883335321456
6718,-0.087338063683442
6719,-0.0859705150791513
6720,-0.066987588593324
6721,-0.121127283490603
6722,0.00359531397376559
6723,-0.225582959814989
6724,0.00322805640080044
6725,-0.073725225707005
6726,0.0136354192183623
6727,0.15325506472423
6728,0.163278631464593
6729,0.299762027711162
6730,0.0495948563655865
6731,-0.0318896257326316
6732,-0.13943532723742
6733,-0.160827863143805
6734,-0.129791426417034
6735,0.154022759330218
6736,-0.246970557669899
6737,0.127077739133768
6738,-0.125658091270328
6739,0.0644394234644404
6740,0.1000471131201
6741,-0.0979727449119728
6742,-0.0536520448293952
6743,-0.0964889510151739
6744,-0.113326325140454
6745,-0.0158559668425932
6746,-0.034201096648654
6747,0.211201323110295
6748,0.128921338988249
6749,-0.0430476976782351
6750,-0.0219259145625176
6751,0.379874893732111
6752,0.018516665861836
6753,0.104606765128132
6754,0.119545221413908
6755,-0.169886050745472
6756,-0.0511618352299242
6757,0.134811898101767
6758,0.0498308192610088
6759,0.162032392206793
6760,0.187274858890215
6761,0.112829237371387
6762,0.13707757706675
6763,-0.0522471136381812
6764,-0.159350133984451
6765,-0.0501830942647289
6766,-0.0728584844629069
6767,0.0605948082503483
6768,-0.196779603031335
6769,0.149829509470922
6770,-0.0516276196143538
6771,0.0612517989504526
6772,-0.198778480596126
6773,0.046013808588219
6774,-0.175516414786996
6775,0.282540988302658
6776,-0.0105955085188599
6777,0.0673282299651762
6778,-0.14519750275934
6779,0.223582469040964
6780,0.173692748594043
6781,0.068234570031461
6782,-0.0380877264040873
6783,0.0696399189273504
6784,0.0519683108568022
6785,0.0964198827348349
6786,-0.244274983310397
6787,-0.0383471014648805
6788,-0.23196266371124
6789,0.203904722086668
6790,0.0866928980066767
6791,-0.0369340048035946
6792,-0.201366255681351
6793,0.0541551625026259
6794,-0.173623893082804
6795,-0.30851300959467
6796,0.285651937824566
6797,0.245500469808845
6798,0.340769762595039
6799,-0.10254145929236
6800,-0.112063925752515
6801,0.105463145339438
6802,-0.134737983463025
6803,-0.121336048009708
6804,-0.12774406784863
6805,-0.05771806468711
6806,-0.104039577709823
6807,0.160533962238368
6808,-0.178919739814836
6809,0.0423138927217176
6810,-0.0745980429062339
6811,0.168976581707899
6812,0.309924359236537
6813,0.26558524821052
6814,0.0757312427202575
6815,0.244617266693192
6816,-0.0310307341096206
6817,-0.288154226396019
6818,0.257260936254278
6819,0.0985386302127337
6820,-0.149393286950499
6821,0.0871049014294027
6822,0.112664130224928
6823,0.0389982891677767
6824,-0.0168272755381624
6825,-0.111021072366891
6826,-0.0767669760745905
6827,-0.181561971576887
6828,0.00963561388182307
6829,0.0899011374080288
6830,0.0532376861580361
6831,0.0366323683135775
6832,-0.0983964025683158
6833,0.121561621137396
6834,-0.0604753163812068
6835,0.126385316825184
6836,-0.0860393539194208
6837,0.152555409325622
6838,0.00764086475563156
6839,0.383283449785265
6840,-0.0511641791082348
6841,0.226557593202514
6842,0.0704001253710854
6843,-0.179299257533643
6844,-0.00741495517595697
6845,-0.250419220223268
6846,0.0962657559227863
6847,-0.0914196815924591
6848,-0.015155514608223
6849,-0.087545890744768
6850,0.0635634295100785
6851,0.18829372852328
6852,0.030997666803168
6853,0.0255582473804695
6854,-0.192356146394246
6855,-0.0199766231295078
6856,0.0153799495214232
6857,0.164895505977205
6858,-0.0892685955906027
6859,0.263807316626469
6860,-0.101702710190178
6861,-0.210694706232331
6862,0.170525468676114
6863,0.0312268468541053
6864,-0.0520046407871878
6865,-0.0770665593912336
6866,-0.0274758859969125
6867,-0.14122964210831
6868,-0.114117656635693
6869,-0.124140257968551
6870,-0.136425928857451
6871,0.0440508681859158
6872,0.0170166083765741
6873,-0.0546540801392454
6874,-0.0704403895796153
6875,0.0855492815114337
6876,0.0892693733881041
6877,0.0868032234923115
6878,-0.0250873281006665
6879,0.00358535076820019
6880,0.0143126248507294
6881,-0.0804439542335832
6882,-0.132651576291693
6883,0.109701314214687
6884,-0.125033977459818
6885,0.16713724326936
6886,-0.0890742389209045
6887,-0.10226488710664
6888,-0.0531123059756278
6889,-0.0342593458744067
6890,-0.062753817574456
6891,-0.114902177219319
6892,0.198591714922523
6893,0.150033409351438
6894,0.110283488000392
6895,-0.00670509348422639
6896,-0.0264762354976542
6897,-0.0797519351382565
6898,0.168157249248062
6899,-0.00418084095685225
6900,0.0846104761994984
6901,0.0617202096749824
6902,0.0180789247950164
6903,0.0261802049013749
6904,0.210649068402701
6905,0.0401844551849635
6906,-0.0809614421363164
6907,0.0622394253826204
6908,-0.0745910525549309
6909,0.0656750988645382
6910,0.165550854338445
6911,0.00782412974628163
6912,0.164387871709812
6913,-0.246073247313902
6914,0.0160388343552107
6915,0.0103585593915414
6916,-0.0186130409875687
6917,0.0638974376637116
6918,-0.310131174207422
6919,0.450948552175712
6920,0.196336420933522
6921,0.284214627071177
6922,-0.158523472688513
6923,-0.0807182749569651
6924,-0.14141235256072
6925,-0.0432603090755437
6926,-0.0846333259341195
6927,-0.0745502726714637
6928,0.0459595870854005
6929,-0.0220125751552818
6930,0.0499042143684758
6931,-0.220050878995489
6932,0.0829183328582851
6933,-0.0542944961922526
6934,-0.0155481023132451
6935,0.125433754362033
6936,-0.200639170354628
6937,0.0291533426334354
6938,0.0921773360932331
6939,0.0495744571250794
6940,0.00456895388151849
6941,0.160774149614533
6942,0.303872244026328
6943,0.177556531539351
6944,0.042995746670566
6945,-0.324318863258644
6946,0.0570305930441794
6947,-0.042929396159084
6948,0.0917202363548874
6949,0.0744040271992208
6950,-0.201253048870283
6951,-0.227646470442116
6952,0.0376836632815133
6953,0.236574400465266
6954,-0.0795011420398475
6955,-0.0982950041795648
6956,-0.132896476445964
6957,-0.0730970323229987
6958,-0.145581679303991
6959,-0.194827630140992
6960,0.0293721738456827
6961,-0.080626354814154
6962,-0.0220528206633651
6963,0.251241504177584
6964,-0.143140459491845
6965,0.193615100846953
6966,0.00175303081785683
6967,-0.0711937733146103
6968,0.0401558421849419
6969,0.0710251244632844
6970,0.186032807379798
6971,-0.303696834376116
6972,-0.152040226416647
6973,-0.112811923583332
6974,-0.0185919083412471
6975,-0.229651661390697
6976,0.0683059142230047
6977,0.03221664382241
6978,-0.0190114514948459
6979,-0.130693395579877
6980,0.100380321687105
6981,-0.0800757565529534
6982,0.0645568192619702
6983,0.193456831553444
6984,0.213833318717576
6985,-0.048515785680937
6986,0.0856235974133016
6987,0.241967507080391
6988,0.224658480770562
6989,0.0555506729089691
6990,-0.00277476969036102
6991,-0.226895691323306
6992,-0.0754012984610207
6993,0.118688079268145
6994,-0.208003096102556
6995,-0.0973505566315101
6996,-0.155883306930855
6997,-0.18493401572565
6998,-0.124887944468672
6999,-0.0155983587789559
7000,-0.0983742851388092
7001,0.21549343691837
7002,0.223124579836161
7003,0.138367931056064
7004,-0.023488177601968
7005,-0.17124436519935
7006,0.187363205902729
7007,0.0242699551047821
7008,-0.116412320352592
7009,0.0220310638097484
7010,-0.138686072846245
7011,-0.141305025438977
7012,-0.079814769240743
7013,-0.0233497197170597
7014,0.175687979050821
7015,-0.15403049744845
7016,0.0110398481353367
7017,0.0576750239169853
7018,0.182780643934186
7019,-0.0274894571268349
7020,-0.130528244492343
7021,0.0324386403875973
7022,0.0875625815637456
7023,0.038575405373169
7024,-0.218960340837876
7025,0.146649073416031
7026,-0.114867887003719
7027,0.0135509408183842
7028,0.0556313439015433
7029,-0.23389798920008
7030,-0.029664023627358
7031,-0.325598337096313
7032,0.118298536809617
7033,-0.0469125201450242
7034,-0.123590014233505
7035,-0.225427642852134
7036,0.0126040028410198
7037,-0.297872929833903
7038,-0.061956996435742
7039,0.315463018766458
7040,0.0128337032655617
7041,0.0780048115603329
7042,0.152885082902726
7043,-0.0119772647896142
7044,0.0242470649992574
7045,-0.260513139519489
7046,-0.122012086976914
7047,-0.0280311663196753
7048,-0.155450417695935
7049,-0.132829574493244
7050,0.0737580159430355
7051,-0.19105485635759
7052,0.02102205464191
7053,-0.0205413425433474
7054,-0.213572911119641
7055,0.10235917696724
7056,0.192340423192948
7057,-0.0652999757793231
7058,0.127697756129775
7059,0.117513828604088
7060,-0.0480519727258607
7061,0.364452649444247
7062,-0.193437512523875
7063,0.133464783122194
7064,-0.13236105623133
7065,-0.121766279260523
7066,-0.0622689657059935
7067,0.111092683118141
7068,-0.308450326961731
7069,0.225761192493925
7070,-0.32192785912994
7071,0.15561380262826
7072,0.0721297778460004
7073,-0.175440285536717
7074,0.0650292785277252
7075,0.198266643352124
7076,0.309880376473063
7077,0.235030742923865
7078,0.409424232284847
7079,0.0362699241321896
7080,0.104467254072453
7081,0.00374258208308605
7082,0.212025750449044
7083,0.0155834503136837
7084,0.119869543311145
7085,0.0294808691172667
7086,0.195864981247743
7087,0.00196940908162152
7088,-0.137596556297923
7089,0.0504144253945885
7090,0.0159564916493371
7091,-0.169648011540257
7092,-0.088780819580017
7093,-0.18461086393678
7094,-0.0428924171108168
7095,-0.249326422160559
7096,0.0232570393227162
7097,-0.0278316608062631
7098,0.110597127630167
7099,-0.0546440064251046
7100,-0.111398943522543
7101,-0.162328724828868
7102,0.00277688044120425
7103,-0.0792545823208014
7104,0.245779048146982
7105,0.0754266701646865
7106,-0.0752659768244344
7107,-0.223645828853796
7108,-0.0706447129402902
7109,0.0538227340951547
7110,0.163113714740069
7111,-0.125719967312576
7112,-0.128903149178617
7113,0.00239515445848544
7114,-0.104570713133858
7115,0.031564900547328
7116,-0.0524020550900806
7117,-0.267631313489332
7118,0.156898829811994
7119,0.182445112578898
7120,-0.0691560177890166
7121,-0.265383180865068
7122,-0.133479176324354
7123,-0.0982799107238962
7124,-0.0289023527503171
7125,-0.0630409500584676
7126,0.118840419628177
7127,-0.067577488640965
7128,0.115965539237271
7129,-0.0990125589951073
7130,0.0879755466252843
7131,-0.150793926110632
7132,0.254466816376306
7133,-0.165487739182063
7134,-0.047327358106058
7135,0.203870173249192
7136,0.198518090029135
7137,-0.147735831042683
7138,0.0041181058128896
7139,-0.41741659371813
7140,0.0800399949750821
7141,-0.107955514198902
7142,0.285338276082531
7143,-0.00858884286213307
7144,0.0676115839794487
7145,-0.221895946768793
7146,-0.140652944520485
7147,-0.007310697480369
7148,0.0435861760382501
7149,-0.14846583749387
7150,0.105691622082305
7151,0.0702595244555702
7152,0.231480884635466
7153,0.168720835420392
7154,-0.19317149453617
7155,0.125064279385648
7156,0.144875510258739
7157,-0.05985533725832
7158,0.33047177205807
7159,-0.0235911816980969
7160,0.266840559840996
7161,0.130967931877981
7162,0.148393577687187
7163,0.0927948561067767
7164,-0.444631565195687
7165,0.190370006513186
7166,0.183898158038218
7167,-0.0741730349329935
7168,-0.050733971488425
7169,0.0536809857031743
7170,-0.161509886441344
7171,0.128047981141382
7172,-0.121475686040484
7173,0.0872420571305225
7174,-0.0269219906074175
7175,0.132810086009043
7176,0.0423887980896001
7177,-0.0147082362771399
7178,-0.0644090044867286
7179,-0.148729505179564
7180,0.0425745106610676
7181,0.0289593144479693
7182,0.104612830849259
7183,0.102529756227181
7184,-0.0746768221846188
7185,-0.0596800309405915
7186,0.026945007541794
7187,-0.0442902022302659
7188,0.166431920782777
7189,-0.0141337296647926
7190,-0.0781111823553631
7191,0.0459401368274896
7192,0.147847605344955
7193,-0.150521447750821
7194,0.0896525574615739
7195,0.0768704418872064
7196,-0.024644046733955
7197,-0.238035037903078
7198,0.0195216682761821
7199,0.0360941101982897
7200,0.0720466677727768
7201,-0.0784370468033995
7202,-0.0725327070872572
7203,-0.0290284496627415
7204,0.056706903814324
7205,0.104074510805877
7206,-0.114408206775349
7207,-0.104584812949417
7208,-0.0887612796358818
7209,-0.0931015295480134
7210,-0.162788086631149
7211,-0.0252276860161607
7212,0.174668563231321
7213,-0.136471506806649
7214,-0.105896758117762
7215,0.00390336283736739
7216,0.051062317619701
7217,-0.059489025591212
7218,0.0450439249291218
7219,-0.200220304799381
7220,0.042261805988646
7221,0.0663039814249455
7222,-0.148530450520412
7223,0.0583391783226025
7224,-0.141902650389998
7225,-0.217801281111146
7226,-0.176201983139871
7227,-0.12365044230017
7228,0.358544635225227
7229,-0.00929871958692699
7230,0.10747381401546
7231,0.0902432144325518
7232,-0.15137578469034
7233,-0.135991495133493
7234,0.0470997576378528
7235,-0.0171117600722589
7236,-0.0255544579617595
7237,-0.0710806767608564
7238,-0.123046297075033
7239,0.194772366301437
7240,0.206386243223532
7241,-0.172243438344812
7242,0.285263194649445
7243,-0.0485503284113315
7244,0.300485156838952
7245,-0.175853382089506
7246,0.136260829230438
7247,0.0428631174225241
7248,0.0336348201748337
7249,-0.0783925926846817
7250,-0.307760441272564
7251,-0.170350745055898
7252,0.0580942691332128
7253,-0.237490385539354
7254,0.0255816895180139
7255,0.224405657839847
7256,-0.102645745652916
7257,-0.073291898611836
7258,0.220579704390567
7259,0.149080816265428
7260,0.0168491641384698
7261,-0.105744873169506
7262,-0.0479435737610448
7263,0.0944280752131199
7264,0.0806132845685801
7265,-0.0690415725297116
7266,0.171550122725678
7267,0.00505921356771069
7268,0.0658898589188374
7269,0.0912818648548078
7270,-0.151894930677191
7271,0.0823959976316732
7272,0.227069178823096
7273,0.0575704349429651
7274,0.172906360313165
7275,0.0689187264106594
7276,-0.316156703609873
7277,-0.113259952894253
7278,-0.275414557031009
7279,-0.0250989183894618
7280,-0.0897039428086165
7281,-0.0362925767151632
7282,-0.00113074123334423
7283,-0.169540816458361
7284,-0.167111606960827
7285,0.124468729365588
7286,-0.263518381611783
7287,-0.123490690563009
7288,-0.0152487561042907
7289,-0.155181190561034
7290,-0.0937320432102282
7291,0.10447160975236
7292,-0.029056351528293
7293,-0.273016179423079
7294,-0.153940731017499
7295,-0.282058524281551
7296,-0.084649412582453
7297,-0.0361465019844933
7298,-0.0145758273740268
7299,0.0842952737598593
7300,-0.091394133791993
7301,-0.00362594032750028
7302,-0.177925687067937
7303,-0.262293888448127
7304,0.206042432261546
7305,-0.0503383184904575
7306,0.12190169469108
7307,0.00314050195943333
7308,-0.238865237436954
7309,-0.00514129433726168
7310,-0.242689626811863
7311,0.1204756909922
7312,0.102625384040997
7313,0.154940648910389
7314,-0.262179977853095
7315,0.0181772564219413
7316,0.28634782205787
7317,0.00087820983959469
7318,0.0266916628174624
7319,-0.0707960268995417
7320,0.0131690349074625
7321,-0.11901915913996
7322,-0.0551940167723901
7323,-0.070567480606426
7324,-0.191715750846109
7325,0.225044894595384
7326,0.194788835892568
7327,0.144453599596295
7328,-0.128904629944
7329,-0.114256483155888
7330,-0.217449227172603
7331,-0.2204210866458
7332,0.0435533799319608
7333,-0.185310049148945
7334,-0.264648292322642
7335,-0.162700778575357
7336,0.135969820120151
7337,0.00571469767656869
7338,-0.0268795238725316
7339,-0.106915911215721
7340,0.350428795261209
7341,-0.165876294266964
7342,-0.0926391877836945
7343,-0.0371916501090034
7344,-0.102111363686043
7345,-0.127984433726517
7346,-0.0874491573337095
7347,-0.0371710145914839
7348,-0.0272402349585413
7349,-0.0663791748993042
7350,0.247666346480251
7351,0.239030963562137
7352,0.117026302708363
7353,0.184640539435399
7354,0.0100897199953919
7355,-0.0477874861955193
7356,-0.00624440403157189
7357,0.259027797524109
7358,-0.0029094614576561
7359,0.0439711412436009
7360,0.164711152031366
7361,0.00301386491150055
7362,0.352618752135869
7363,-0.10701972387733
7364,0.154962940863366
7365,0.0673759815597705
7366,-0.236344423458559
7367,0.179475576738947
7368,-0.192594896641645
7369,0.220955342616137
7370,0.0943147520659764
7371,-0.338775784914229
7372,0.0423101862965277
7373,0.0537306897412706
7374,-0.166223893856009
7375,-0.0685379328556684
7376,-0.0770311939571444
7377,0.0547909316585467
7378,0.0422381909760581
7379,0.342973828178407
7380,0.136714369719372
7381,0.0233318537400149
7382,0.0353073340295448
7383,0.279215179697071
7384,-0.118808744770922
7385,-0.0432788641860095
7386,0.00676328841764803
7387,-0.10736662466578
7388,-0.00796185726506106
7389,0.00277686046202409
7390,0.1361742934315
7391,-0.0123340864452026
7392,0.0889559280707983
7393,-0.0414502999087984
7394,-0.245890782038252
7395,0.311957651964733
7396,0.215425376323537
7397,0.035588992226399
7398,0.261598621760872
7399,0.0499922670659166
7400,0.0480533371260441
7401,-0.139412736386172
7402,-0.0588575625760668
7403,-0.069289327093287
7404,-0.103594852432563
7405,-0.0253036076909278
7406,-0.162319135974373
7407,-0.14095787618287
7408,0.27128716179932
7409,0.0298896303858039
7410,0.00637853297403154
7411,-0.0924733631147566
7412,0.165350001265733
7413,-0.00691612199889361
7414,0.265218463502017
7415,-0.275052135927671
7416,-0.120369892050233
7417,-0.0451278201580685
7418,0.0196917430724721
7419,0.111573164329769
7420,-0.138148494434396
7421,0.0204534585065491
7422,0.244902040301046
7423,-0.0277514791539256
7424,-0.0996661208056119
7425,-0.1865055768507
7426,0.149675510840745
7427,-0.291995461450172
7428,-0.0984229097815146
7429,-0.111459301927062
7430,-0.0904221638430956
7431,0.140722774136784
7432,0.305141926384942
7433,0.0128851191267949
7434,-0.0455136281381383
7435,0.140887479824346
7436,-0.290381487869556
7437,-0.0610326356180393
7438,-0.0994111839101432
7439,0.180707701535687
7440,-0.115143093538786
7441,0.0984223560189753
7442,0.145201824603645
7443,0.297858127909529
7444,-0.0430540761197415
7445,-0.0178915884497965
7446,0.30926090848707
7447,0.049616329269862
7448,0.0158238985807452
7449,-0.244503884221783
7450,-0.163793765469912
7451,-0.162964960163587
7452,-0.114570365544152
7453,0.168181410177615
7454,0.118976672367463
7455,-0.143563409349939
7456,-0.309482116719074
7457,-0.022857401603985
7458,0.0857554696939977
7459,0.024585621891775
7460,0.28527535736915
7461,-0.111939953152731
7462,0.0225703681148361
7463,0.158669581550459
7464,-0.0416712109718521
7465,0.0736226232185543
7466,-0.172440774618481
7467,-0.0642207714780886
7468,-0.101401854715995
7469,0.0488604830779288
7470,0.0342971326599127
7471,-0.00704115753492174
7472,0.110032829794776
7473,0.0110584057798928
7474,-0.0209555806823551
7475,0.0567989518819318
7476,-0.0535403184430603
7477,-0.329091397405347
7478,0.0370627134757781
7479,-0.102539845890588
7480,-0.0246843049356876
7481,0.0989158491831658
7482,0.228745038347689
7483,0.209312359298013
7484,-0.25852931394104
7485,0.10330799047576
7486,0.00471037347299216
7487,0.00243699104873572
7488,0.191661511559569
7489,-0.0177952851457332
7490,-0.0580298541626416
7491,0.0501009458601533
7492,-0.283638136044136
7493,0.0522787272492993
7494,-0.0698353213474323
7495,-0.195157538524602
7496,0.017801235166801
7497,0.143561869716421
7498,0.183259236583751
7499,0.122244546780194
7500,0.189547426317797
7501,0.000135998070824553
7502,-0.271428018935928
7503,-0.143059415533405
7504,-0.169043353655709
7505,0.0269330503244587
7506,0.152899541865608
7507,0.165559100217216
7508,-0.117543323438547
7509,0.0422388041347623
7510,0.274053942978798
7511,-0.0447682579190005
7512,-0.0296942677994671
7513,-0.188847434964844
7514,-0.138962339443634
7515,0.193071070261595
7516,-0.15432274377939
7517,-0.0479460482529881
7518,-0.0931877950662308
7519,0.210341047869368
7520,-0.186745895755617
7521,0.197194074552678
7522,0.274665398527595
7523,-0.0537335758838875
7524,0.195694810692631
7525,-0.123056605142716
7526,0.240233934254645
7527,0.169968524790419
7528,0.273883374177656
7529,-0.125261794007291
7530,-0.364962171315958
7531,-0.0662720291513622
7532,0.0044107154225908
7533,0.0784033624529726
7534,0.11255305040086
7535,-0.239927474143967
7536,-0.28476536099751
7537,0.164656481039073
7538,-0.0614266343225306
7539,0.298441600492965
7540,0.42932912933908
7541,0.0268770423993183
7542,0.191259458699451
7543,0.0632236190549053
7544,-0.0225258079742401
7545,0.161112383885148
7546,0.153504525339755
7547,-0.0783981821585337
7548,-0.0879947478361958
7549,-0.0991065330858696
7550,0.0892392084843711
7551,0.0894358822468572
7552,0.0467219937873289
7553,0.211636068022424
7554,-0.0121500487160249
7555,-0.242643929981428
7556,0.0703547237570654
7557,0.000654086463624803
7558,-0.158432429597703
7559,0.00411391510378167
7560,-0.384972472168373
7561,-0.0996668897203424
7562,-0.141093869457544
7563,0.107943273867334
7564,-0.142549382796382
7565,0.0307820366534913
7566,0.0463340530096059
7567,-0.0573461711520792
7568,0.175629497978216
7569,0.0784880683406101
7570,0.17849754388047
7571,-0.401866691943192
7572,0.104447182941643
7573,0.0140337179892891
7574,-0.00432048370765938
7575,-0.273849645823543
7576,-0.0228629078300758
7577,-0.144846891528579
7578,0.0479296678604535
7579,-0.202951880364891
7580,0.0824759218569113
7581,0.23830154699637
7582,-0.22989240831049
7583,0.0349632794686163
7584,0.18879546817971
7585,0.226349578722779
7586,-0.0442325155981029
7587,-0.095386636551123
7588,0.0452126208500669
7589,-0.0834945481370442
7590,-0.0198395665124748
7591,-0.0925292392534976
7592,-0.134966261337139
7593,0.0300063977141125
7594,0.16086402721872
7595,0.0715073880397692
7596,0.343806490538497
7597,-0.0164646542958369
7598,-0.238304146744651
7599,0.0245892349336269
7600,0.0578435158568136
7601,-0.284137771581415
7602,-0.160832345386954
7603,-0.102110042278598
7604,-0.0900428603168263
7605,-0.233936970491561
7606,0.241514186649003
7607,0.155638222036303
7608,-0.172403292516589
7609,0.26254633677886
7610,-0.0589037337084982
7611,0.070771537915795
7612,0.192427843652154
7613,-0.172386460919399
7614,-0.0909550343998906
7615,0.203879727845856
7616,-0.268160605342012
7617,0.0511801343388353
7618,-0.16464489142404
7619,0.0855801555742133
7620,-0.0158857302356759
7621,-0.0241190623446309
7622,-0.0134189134361351
7623,0.12197184254847
7624,-0.0255719827467592
7625,-0.0113753390768575
7626,-0.151861528603894
7627,0.140033814999651
7628,0.192986583865755
7629,0.1047643710203
7630,0.0574938995409052
7631,-0.0670399737781558
7632,0.200901053718097
7633,0.0249192669384573
7634,0.205013998602042
7635,0.274799750759226
7636,0.125258780766247
7637,0.148677904233371
7638,0.0640230708622255
7639,0.0519545527663273
7640,-0.129658540790626
7641,0.400664497875743
7642,0.0850945821195175
7643,-0.0142289177858087
7644,0.018163772924032
7645,-0.0936281062511674
7646,0.131507720112782
7647,0.250621473087949
7648,0.052417978283316
7649,0.0369445238366036
7650,-0.137924489600594
7651,-0.126542390481163
7652,0.0706324129925117
7653,-0.123309784825532
7654,-0.0124400381977984
7655,0.183816865603711
7656,0.0221419816142276
7657,-0.128617389074161
7658,-0.077653785445932
7659,-0.235396013088114
7660,-0.213971903390859
7661,0.00376647995714826
7662,-0.0347152982867921
7663,-0.176166070975488
7664,0.153337416836318
7665,-0.0589365213407256
7666,-0.165482544551435
7667,0.148976030153703
7668,0.0210477137156608
7669,-0.061103641425556
7670,0.0458087492342822
7671,0.200274928299062
7672,-0.0215639998610194
7673,0.384553673576886
7674,0.0990109066337088
7675,0.0156358344033097
7676,-0.00620021588098228
7677,0.088934185161856
7678,0.0702697545571522
7679,0.0359103801105002
7680,-0.208885322219548
7681,-0.037339329574769
7682,-0.0393346524032348
7683,0.197063032012254
7684,0.250873298214603
7685,0.0775264392466485
7686,-0.125446262865465
7687,-0.0173096235975559
7688,0.014166513060085
7689,0.122151231645998
7690,-0.0192573202478156
7691,-0.31259572966626
7692,0.0223360509432886
7693,-0.0742193498806528
7694,-0.115166387230031
7695,-0.01389486810625
7696,0.0904928455112188
7697,-0.00482649427399003
7698,-0.0668090867580158
7699,0.0266301637509448
7700,-0.0108768829300371
7701,-0.130064051854578
7702,-0.034250097210383
7703,0.0996628823537967
7704,0.437511184218189
7705,0.196246257507068
7706,0.0862692666183072
7707,-0.137316610931685
7708,0.00799543474121796
7709,0.122522933635392
7710,0.052801582143317
7711,-0.0403191507014206
7712,0.164866415024597
7713,0.0871529485335323
7714,0.287438328159947
7715,-0.0959009819483212
7716,0.083441712976982
7717,0.0834041380531436
7718,-0.0742719503474609
7719,0.167559898762488
7720,0.124629045114026
7721,-0.16167765131667
7722,-0.23858603664848
7723,-0.112403722695827
7724,-0.158791490993248
7725,0.179098545335111
7726,0.154012387787334
7727,0.139103559013544
7728,-0.105406224036819
7729,-0.0105867561925667
7730,-0.115955075883622
7731,-0.210227316723537
7732,0.132746883672537
7733,-0.0540939014477783
7734,-0.00831737881539005
7735,0.163843929285102
7736,0.200989016610022
7737,-0.0936957720963245
7738,-0.320387568213191
7739,-0.273030486093441
7740,-0.200168139603535
7741,-0.0283211186643454
7742,-0.0359491820182678
7743,-0.00862627543144592
7744,0.0929875079194832
7745,-0.1057572801837
7746,0.212412076357432
7747,-0.0218210763583414
7748,0.0441812806725264
7749,-0.151977488184065
7750,-0.0441654236206597
7751,-0.09691164669981
7752,-0.157118935008646
7753,0.0633478112052995
7754,0.222275623479687
7755,-0.12058652483659
7756,-0.0312106040772956
7757,0.0523175130504589
7758,-0.0346266631193717
7759,-0.127450448021089
7760,0.179492143833126
7761,-0.0653387125511749
7762,0.0147265491229358
7763,-0.189646271498689
7764,0.362046893603983
7765,-0.235972062455228
7766,0.228753092382158
7767,0.0171589646441693
7768,-0.00928434558277583
7769,-0.0943354468859588
7770,-0.0437871021288723
7771,-0.0304839310396593
7772,-0.212452843142692
7773,0.0406483029106618
7774,0.0347421974183492
7775,0.182064776013066
7776,-0.0863109600963584
7777,-0.0162231430673
7778,-0.0629214382352225
7779,0.058544615840548
7780,0.0526934093667763
7781,-0.116227773408711
7782,0.114423191667333
7783,0.0412991563869476
7784,0.193812513695425
7785,0.069676206754709
7786,-0.018895222794513
7787,-0.323042502117268
7788,0.105491839046772
7789,-0.038671989666709
7790,0.107113982569844
7791,0.282833376112585
7792,0.0834650388640992
7793,-0.0172671614104829
7794,-0.087507664694052
7795,0.049387709522187
7796,-0.137788560795909
7797,0.246757692335663
7798,0.119739870587513
7799,-0.285358656528024
7800,0.112661164672352
7801,0.326618019572978
7802,0.219411950100636
7803,0.258852304960973
7804,-0.250462865484317
7805,-0.0277764330266487
7806,0.312506432716689
7807,-0.0290623492770962
7808,0.170397165678682
7809,0.0648620825732399
7810,-0.0616417321624353
7811,0.011809970369861
7812,0.000809754915677648
7813,0.226367548048574
7814,-0.0479118446224553
7815,9.6462948159317e-05
7816,-0.00418312905435111
7817,-0.131983566259076
7818,-0.056015148593395
7819,0.23732321743146
7820,0.0744219953642841
7821,-0.0987991833024235
7822,0.109034807708825
7823,0.0587986735890038
7824,-0.109609845247796
7825,-0.0765955959085659
7826,-0.126821705999599
7827,0.0616374738491764
7828,0.0160153315438004
7829,-0.0476019199919677
7830,-0.156368457335983
7831,-0.201425010521677
7832,0.299344363607714
7833,0.0778858891258519
7834,0.168574747721906
7835,-0.124396745808079
7836,-0.096854373805225
7837,0.0728854064268655
7838,0.0682560976443106
7839,0.101707569788355
7840,0.19091967349436
7841,-0.123570199031061
7842,-0.0996873014970707
7843,-0.144895461129747
7844,0.253677500122019
7845,-0.309927305610909
7846,0.0515532037618514
7847,-0.0428804531727581
7848,-0.0316597890846874
7849,0.145271359803427
7850,-0.106013014404012
7851,0.325087713331444
7852,0.113354837785
7853,-0.121871064278047
7854,-0.203371695395642
7855,-0.0944365094549291
7856,-0.0767219770041123
7857,-0.0350335622238019
7858,-0.0616941165029015
7859,-0.213506762326118
7860,0.101494066292267
7861,0.477547505930351
7862,0.0681153681401041
7863,0.0777631990655959
7864,-0.132896417645536
7865,0.349037725529932
7866,0.0177910597444753
7867,-0.0357805514821861
7868,0.137086185560665
7869,-0.20512681972289
7870,-0.0810503529519982
7871,0.0295403528090815
7872,-0.00661569738510328
7873,-0.0570133500685872
7874,-0.165170548715928
7875,0.0323102515282038
7876,-0.160796968544142
7877,-0.0808706039075104
7878,-0.0261988448531291
7879,0.0625868202180465
7880,0.101475418782949
7881,-0.186315995287402
7882,-0.243336636625287
7883,0.156725729092024
7884,-0.0932820535865481
7885,0.034290164244222
7886,0.073858762231686
7887,-0.160622103638896
7888,0.0398770345294785
7889,-0.00765501933879754
7890,0.0941427207579103
7891,-0.0187883324102122
7892,-0.267166504146232
7893,0.0993441659953214
7894,0.00186380382491615
7895,-0.062312906414283
7896,-0.0691795471321435
7897,-0.104777154318308
7898,0.0198488528270485
7899,0.601997723139023
7900,-0.111723096706789
7901,-0.138122879416745
7902,-0.157180200926608
7903,0.0165995378901428
7904,-0.196569675336515
7905,-0.249411842154128
7906,-0.0684209817841005
7907,0.145370592738804
7908,-0.133031836818759
7909,0.0458944393362171
7910,0.182169518302583
7911,-0.165086822950516
7912,0.0716807505143999
7913,-0.0579004960340753
7914,-0.0794372020639583
7915,0.235043943810538
7916,-0.146113188546353
7917,0.0422673227092529
7918,-0.209419439125908
7919,0.101437354208814
7920,0.207844430034309
7921,-0.230768034499083
7922,-0.259875884059801
7923,-0.161505701839775
7924,0.0270619998550456
7925,-0.0501015925609698
7926,0.0570928730387614
7927,0.175930026277147
7928,0.188908790459528
7929,0.0530896392993968
7930,0.110608075889657
7931,-0.0132815162591366
7932,-0.0307088126017244
7933,0.0961717351295781
7934,-0.298073864577855
7935,0.0156795402520159
7936,0.0294617697280137
7937,0.02654930379116
7938,0.0695596876316393
7939,-0.0356781239689226
7940,0.0841861489146667
7941,-0.0175796804477432
7942,0.25829330672919
7943,0.0117054038171524
7944,0.103213086171017
7945,0.13220238014809
7946,-0.154101775344218
7947,-0.264832267526407
7948,-0.102356638624022
7949,-0.181375512164182
7950,-0.142073282257112
7951,-0.0132676195964649
7952,-0.0907355864269752
7953,0.0862712895088083
7954,0.139008910018429
7955,0.0312156903359849
7956,-0.188604909884041
7957,0.22034546440747
7958,-0.145806932876494
7959,0.151792090388878
7960,-0.0962487826619036
7961,-0.189544985574899
7962,-0.133047046849035
7963,-0.105809556195379
7964,-0.121138540945691
7965,0.0359704967951978
7966,0.0795586575588001
7967,-0.101412833436003
7968,-0.0071687887753818
7969,0.0862188823949694
7970,0.115829367350154
7971,0.19755454272214
7972,0.161187836429332
7973,0.17259873654787
7974,-0.190100014178156
7975,0.172382554147669
7976,0.121908764039327
7977,0.0808217247611315
7978,-0.0989363558220872
7979,0.250242671460011
7980,0.222993450847959
7981,0.0710333004673823
7982,0.00920844513606833
7983,-0.143225012935097
7984,-0.249390340816034
7985,-0.202628881202943
7986,0.263999318871107
7987,-0.108669212031784
7988,-0.0978387863099673
7989,0.0107609742486767
7990,0.154208910341692
7991,-0.152211616546563
7992,0.134382288131564
7993,0.021951833157434
7994,0.0106436788354873
7995,0.0242054975989423
7996,-0.0192708557055984
7997,-0.0972548629251659
7998,0.0234379032855202
7999,0.409741641008221
8000,-0.154183265621756
8001,-0.0549002591259414
8002,0.0471907035926293
8003,0.291435500560778
8004,0.0310477013807716
8005,-0.1742906604356
8006,-0.259753447654054
8007,0.269661546848687
8008,0.112426701487124
8009,0.0864030198712071
8010,0.158254759616432
8011,-0.0484317117114176
8012,0.0535465040118112
8013,0.0440506817241518
8014,0.17682256286843
8015,-0.074933133918457
8016,0.0716175362309644
8017,0.0594700225179832
8018,0.0631072603397819
8019,0.1377472505708
8020,0.0450336811886249
8021,-0.0954736579577842
8022,0.195175509244575
8023,-0.23351225886238
8024,0.0287441452711952
8025,0.177994089153758
8026,-0.0307301286028705
8027,0.073886701598585
8028,-0.267000840476847
8029,-0.0640551312201022
8030,-0.0127564338286383
8031,-0.153556027522683
8032,-0.119449235116557
8033,0.0323730326364156
8034,0.015331067398105
8035,-0.0830203304994704
8036,-0.113140044936394
8037,-0.176404194534054
8038,0.118048266692809
8039,0.0326976275887893
8040,0.00144256565928616
8041,-0.0158438413359826
8042,-0.219080769232883
8043,-0.0706643674587596
8044,0.120725065205176
8045,0.0905905858783667
8046,0.247092307242342
8047,0.00980463764739072
8048,0.0166835831560453
8049,0.0860309762250145
8050,0.139926129912393
8051,0.0105888272177848
8052,-0.0463251937267591
8053,0.0843461721770559
8054,-0.244047262545279
8055,0.349195580229787
8056,-0.0808525744887647
8057,-0.0924288107771357
8058,-0.231278058462913
8059,0.298131666909096
8060,-0.0117199105829742
8061,-0.529145425132171
8062,0.121876015014457
8063,-0.0343387709512949
8064,-0.0936009929355494
8065,0.299332224228623
8066,-0.326637368825088
8067,0.287239835602955
8068,0.0789160423824855
8069,-0.216362654331743
8070,0.165546230391811
8071,-0.059155160359439
8072,-0.253954517910121
8073,-0.0677562203452148
8074,-0.0296202968998249
8075,0.0456499435514772
8076,-0.162252001633288
8077,-0.159268477862682
8078,-0.0729503360518667
8079,0.158391836116254
8080,0.161387138242974
8081,0.0262330514136285
8082,0.300492652674163
8083,-0.278950679535005
8084,-0.220047632788632
8085,0.399353747130485
8086,-0.0314981524067184
8087,0.107031098822961
8088,-0.171262138103152
8089,-0.00772298145632399
8090,-0.00659137290503518
8091,-0.140184626857116
8092,0.140567641421418
8093,-0.0141795310712976
8094,-0.316497210230031
8095,-0.203088657824471
8096,0.013260083455537
8097,-0.0121383767221752
8098,0.0946354801709791
8099,-0.231265095663679
8100,-0.0826884019942142
8101,-0.0554764504825175
8102,-0.00575240698810704
8103,-0.0512833904225334
8104,-0.145060607540603
8105,-0.0151820681872279
8106,-0.18761495625517
8107,0.00216143626655478
8108,-0.116293166269679
8109,0.172097894713007
8110,-0.220675682489106
8111,0.111867905816309
8112,-0.148944074085898
8113,-0.0857358143282976
8114,-0.0632019307316972
8115,0.0247710852663995
8116,0.155364637154748
8117,-0.0785854552191817
8118,0.146092081039697
8119,-0.36209722364374
8120,0.0601344503087262
8121,-0.0434965334738147
8122,-0.0800300991169961
8123,0.179106127658559
8124,-0.129608799395202
8125,0.0476584169409478
8126,-0.0411420026017212
8127,0.0161204633739497
8128,0.0117773628011759
8129,0.101892087815071
8130,0.0963306303547447
8131,0.299298513157645
8132,0.0143115436136685
8133,-0.170831988949845
8134,-0.0532568517896699
8135,0.0708006735123346
8136,0.123822240473782
8137,-0.00255592055039389
8138,0.04876886588544
8139,0.0596593451959612
8140,0.159104878841632
8141,-0.153144801115191
8142,-0.247466776691376
8143,0.112773810682545
8144,-0.216641291276185
8145,-0.00574551699692388
8146,0.0441820203584504
8147,-0.0828481225884596
8148,0.104764304955634
8149,-0.0297527348450216
8150,-0.353962250482729
8151,-0.0971812846178326
8152,-0.0557222625465785
8153,0.0536542214636708
8154,0.347504509912818
8155,0.0888537081109636
8156,-0.116472483774039
8157,0.12477677253563
8158,-0.217160219867657
8159,0.419340662829862
8160,0.133831008917097
8161,0.0914149776081198
8162,0.0114882718529271
8163,0.0908797670533295
8164,0.0771962657721189
8165,-0.0576122004288635
8166,0.0244901693605206
8167,-0.134099791259705
8168,-0.0863283065816741
8169,0.207233704012616
8170,0.0739016927632497
8171,-0.0962333295405156
8172,0.214005603398439
8173,0.0686836230422346
8174,-0.265059372795674
8175,-0.0887090222569843
8176,-0.0585414909161536
8177,-0.0505040863517833
8178,0.0881519644213703
8179,0.190073244783919
8180,-0.0402897845604978
8181,-0.280880239528327
8182,0.101633312435254
8183,-0.16366674802813
8184,0.0638669795550826
8185,0.141641456218753
8186,0.18584152177435
8187,-0.105003269061637
8188,-0.180990382100867
8189,-0.193808308269401
8190,0.202129421556106
8191,-0.0204594838263725
8192,0.145943446707087
8193,0.292120614546273
8194,0.0479380628281241
8195,0.0208227535858377
8196,-0.174760758166501
8197,-0.114884624769385
8198,-0.0369807085054229
8199,0.0657419917716258
8200,-0.00900416490764072
8201,-0.0485892224050934
8202,-0.159943102770223
8203,-0.112156399161968
8204,-0.092951476358421
8205,0.239757119287059
8206,-0.11325070055084
8207,-0.276650918722913
8208,-0.165418240829182
8209,0.0517967197968676
8210,-0.164346477469987
8211,-0.00734929335058714
8212,0.131184648250361
8213,-0.0477668862384127
8214,-0.20749797064236
8215,-0.087386364993322
8216,-0.144813087219714
8217,0.0495244573698144
8218,-0.0299415364398196
8219,0.252381394383586
8220,0.116567140453686
8221,0.0366344378572211
8222,0.0195008285773407
8223,0.221180340890232
8224,-0.237681784639093
8225,0.11816419717008
8226,0.03361158168986
8227,0.0858173561286898
8228,-0.0499254440838645
8229,-0.100158130295955
8230,-0.28839517285698
8231,0.0917689629127889
8232,0.0538705963462568
8233,0.060781343399784
8234,0.107048525507076
8235,-0.0356501705905734
8236,-0.324745294409973
8237,-0.221596846223829
8238,-0.0819486442728728
8239,0.0256812366319384
8240,0.1489933607188
8241,-0.0476890965988401
8242,-0.0268069814419549
8243,-0.0662543518771662
8244,-0.067933305235482
8245,-0.0706119896946385
8246,-0.0845674782337629
8247,-0.211040845908749
8248,-0.152618372316359
8249,-0.0998278211809685
8250,0.211924257165095
8251,0.0745969645252697
8252,-0.0565123559710813
8253,0.0324289699894526
8254,-0.0111106487583395
8255,0.0302685976984891
8256,-0.0821026556070098
8257,0.0924554527037443
8258,0.144999922699756
8259,-0.186066721817606
8260,-0.082314840853763
8261,0.0368309821905237
8262,-0.144379618910826
8263,-0.249508576786029
8264,-0.0268536459672309
8265,0.111562533163011
8266,-0.0464186273682574
8267,-0.116122186754171
8268,0.103814273692378
8269,0.0380364508737831
8270,0.20068777763799
8271,-0.140810134036762
8272,-0.0533702496213109
8273,-0.0387313071961529
8274,-0.0042980307784964
8275,-0.0355289638369234
8276,0.115186828077695
8277,0.0539133026896186
8278,-0.362706629309169
8279,-0.167420926441487
8280,-0.120804929740103
8281,0.0877948945779568
8282,0.4879573681483
8283,0.300524775345225
8284,-0.0351360556981991
8285,-0.175583377879175
8286,0.0355496420559412
8287,-0.381494712957311
8288,-0.127363807068788
8289,0.0185359068083989
8290,-0.0716196691473768
8291,0.197611343973023
8292,-0.0767753300400189
8293,0.115214167055226
8294,-0.0360140743192381
8295,0.000405081455959477
8296,-0.0400227866054261
8297,0.356330735612574
8298,-0.324337864095997
8299,-0.208225798098626
8300,-0.0119391071534777
8301,0.136389686849987
8302,0.218810825487169
8303,0.0813788158524614
8304,-0.261974037628305
8305,0.0105100222983698
8306,-0.159937497946933
8307,0.289413125980599
8308,-0.19551371058476
8309,0.0134121577320015
8310,0.00570292716024197
8311,0.0465408804779373
8312,-0.147322712679546
8313,-0.0718491671775163
8314,-0.0621014655661731
8315,0.254409807424375
8316,0.175094365221205
8317,-0.0879913443073959
8318,0.00101665857597484
8319,-0.0319662344271553
8320,0.0789498452306631
8321,0.129104715859919
8322,-0.228308554291399
8323,0.18714469371479
8324,-0.0522226390530038
8325,0.158280358725509
8326,-0.0641717870499156
8327,0.0569089178977787
8328,-0.116541204168812
8329,-0.0752668997370404
8330,0.0954231977694236
8331,0.122223981274284
8332,-0.0589735161117684
8333,-0.109644152574251
8334,0.478915875105635
8335,-0.0992610133338231
8336,-0.111796231881455
8337,0.255613045083605
8338,-0.0317892284913796
8339,-0.251295323187737
8340,-0.222634705095115
8341,0.087028131048652
8342,-0.13189668350642
8343,0.135482772693907
8344,0.0661353644759883
8345,-0.343118515276132
8346,0.0637214671316161
8347,0.100517410160269
8348,0.279836165143903
8349,-0.118109374759344
8350,0.157869860043256
8351,-0.146416248172715
8352,0.00998473397644951
8353,-0.0272799562825425
8354,0.0388560777316058
8355,0.420634208781767
8356,0.269483321945063
8357,-0.0326088478599413
8358,0.0741705064387342
8359,-0.141187683732504
8360,-0.0190060411512768
8361,0.204316434430333
8362,0.0282260231428372
8363,0.127726468702992
8364,-0.13869305241764
8365,-0.38077082027452
8366,-0.0887973893474215
8367,-0.0392019514771605
8368,0.0972497802436585
8369,0.196951379258382
8370,-0.0881438345662122
8371,0.134904768634988
8372,0.0349742848685789
8373,-0.0656626018891143
8374,-0.0526682458716373
8375,-0.0399600792916344
8376,-0.0829119783115335
8377,0.0271735764860747
8378,-0.121447684377061
8379,-0.0533705683481518
8380,0.0154008719553981
8381,0.301177210433233
8382,0.05340022639934
8383,-0.0224424404958136
8384,0.243464210471963
8385,0.0289889164771255
8386,0.460734433461519
8387,0.130433862096775
8388,-0.0332283003617286
8389,-0.107692787878941
8390,0.112877773966659
8391,0.190864202107151
8392,0.182952562392741
8393,0.161636310482065
8394,-0.00141708266900088
8395,-0.13253819787456
8396,0.0183543215775881
8397,-0.0251763948412968
8398,-0.198538851090509
8399,-0.0799802341610142
8400,-0.226063729769489
8401,-0.324215087746452
8402,0.186581540098856
8403,0.1933171306645
8404,0.30064748145014
8405,-0.14526409036617
8406,0.137686379224413
8407,-0.145724180079288
8408,-0.100799365674061
8409,0.138281572111893
8410,0.0410941626076524
8411,-0.145649641476008
8412,0.151771628280105
8413,0.208807608367053
8414,-0.144138415880587
8415,0.0864724097467787
8416,0.201173389996284
8417,0.031122515722096
8418,-0.0524820654780024
8419,0.000646316304479144
8420,-0.019546926858015
8421,-0.0752503232032836
8422,0.186230296384498
8423,0.0193655312788133
8424,0.000818028746940654
8425,0.0985877901759387
8426,-0.0263847705423617
8427,0.112217720189215
8428,-0.0359662464814953
8429,0.0844749878646414
8430,-0.231653704282136
8431,-0.0406442810669164
8432,0.0843337434784004
8433,0.0486065404933934
8434,0.0384300415523767
8435,-0.0865848736224377
8436,0.0273114686890792
8437,0.285071191067874
8438,-0.148916177334742
8439,0.0291890575095867
8440,-0.0369926703029512
8441,-0.310669009437956
8442,0.28468018006593
8443,0.224597342309816
8444,-0.0630281687585067
8445,0.00644463247094443
8446,0.0893955239151962
8447,0.107003853226727
8448,0.0883276275914359
8449,0.115582106025394
8450,0.0946990067622357
8451,-0.123928193013621
8452,-0.143148925914431
8453,0.0620423774399324
8454,0.167298236111818
8455,-0.217965094235329
8456,0.0830267779924725
8457,0.225354834272883
8458,-0.301784950324165
8459,-0.210958533126802
8460,0.210433808635233
8461,0.149670369467991
8462,0.0858847963793278
8463,-0.146705876516618
8464,-0.116252820510963
8465,0.000513050926457814
8466,-0.17737692686116
8467,0.13234105857855
8468,-0.103212238224538
8469,-0.119219233674446
8470,0.0794514427975558
8471,-0.116269435913636
8472,0.0133636545564146
8473,-0.100970726211119
8474,-0.0512475033013757
8475,-0.0496039302122235
8476,-0.103167137334531
8477,-0.0224638283640444
8478,0.0489094278126746
8479,-0.137387041699407
8480,0.0654428593789132
8481,0.0544501370754346
8482,0.00277142004787478
8483,-0.0217674427181546
8484,0.227855842533557
8485,-0.223789106925818
8486,-0.013764498790509
8487,-0.0219477734835698
8488,0.0901728065389638
8489,-0.22316271799227
8490,-0.141670756426485
8491,0.250906574018167
8492,0.103031045598812
8493,0.0359839119095213
8494,-0.217370218452135
8495,0.237126246020962
8496,0.0337881502495613
8497,-0.0457687067970635
8498,0.159441201554253
8499,-0.092586718263257
8500,0.189191361144749
8501,0.12579223484406
8502,0.0990730069132006
8503,0.0171483427649312
8504,-0.0291250985411032
8505,0.146315388715405
8506,-0.0440103455758601
8507,0.13484910846158
8508,0.23922225771505
8509,0.100399576472034
8510,0.00543123013160416
8511,-0.167247727516896
8512,0.262769718491503
8513,0.280668265655702
8514,-0.207695305044407
8515,-0.176203959804257
8516,-0.215250627123199
8517,-0.0646527366066768
8518,0.139776752340497
8519,-0.0611029121386014
8520,0.168648581629085
8521,0.209245198978648
8522,0.0717763403524038
8523,0.177999431117263
8524,-0.122046656958952
8525,-0.0514551818614582
8526,0.0503487779484605
8527,0.219641187656081
8528,0.122956335090883
8529,-0.0379879936365995
8530,0.0511326917597535
8531,-0.100776283377657
8532,-0.110337402310489
8533,-0.0592871936066476
8534,0.146865850455919
8535,0.389414068494452
8536,-0.173769646742298
8537,0.13262869239633
8538,0.085249080626565
8539,0.0805217748912428
8540,-0.0896016435409157
8541,0.122786120166315
8542,-0.00296097280396812
8543,0.0157950253541259
8544,0.187149722833513
8545,-0.151181819872506
8546,-0.282793142715141
8547,0.0988412951989276
8548,0.0909118409372598
8549,0.302766975001451
8550,0.00654350548384875
8551,0.231761903771118
8552,0.0232781174012739
8553,0.13933062264073
8554,-0.234612902247165
8555,-0.1232456381415
8556,-0.140437233864594
8557,0.114612488204915
8558,-0.157542797310969
8559,0.0324249942839375
8560,-0.127212153306097
8561,0.0629497528853097
8562,0.128140491325166
8563,0.0484193010412665
8564,-0.150040728710946
8565,0.131153875777386
8566,-0.248490662842806
8567,-0.15404037311825
8568,-0.0285217891008564
8569,-0.0198495765705079
8570,0.0442381033419859
8571,0.075577432402017
8572,-0.243410989320177
8573,-0.0824091879653512
8574,0.123816706596838
8575,0.00492251743005422
8576,-0.100878940856785
8577,0.0256083543388869
8578,-0.013751201443871
8579,-0.133028760023682
8580,-0.111190918520281
8581,0.00820455755220967
8582,0.0737668363567847
8583,-0.148290991964461
8584,0.0874535112289138
8585,0.0114892842130196
8586,0.0942285085163615
8587,-0.153622051195395
8588,-0.0932713822202285
8589,-0.0279464625659116
8590,-0.109756264022164
8591,0.0835174431025957
8592,-0.137455480803421
8593,0.081877460853887
8594,0.0584628656267558
8595,0.0283810958369201
8596,-0.114966155551377
8597,-0.126986561439798
8598,-0.016980373504942
8599,0.0201324126759513
8600,0.0948223058652937
8601,0.0749162699239791
8602,-0.386004235404666
8603,-0.0941398976069586
8604,-0.228850654165847
8605,0.0735121571724565
8606,-0.0652696994371014
8607,0.129807412306741
8608,-0.0869888611006813
8609,0.172576969208024
8610,0.0963083506608991
8611,-0.122326097999465
8612,-0.330065503380802
8613,0.158010361199224
8614,0.326059227370508
8615,0.133062189139927
8616,-0.0411117698541731
8617,-0.20344774864508
8618,0.00465513030221994
8619,0.187883760563936
8620,0.0438139238112965
8621,-0.0191692446284538
8622,0.0587664499003615
8623,0.00698615208630675
8624,0.0902046117623451
8625,0.0100718273802055
8626,-0.0671377192524964
8627,0.0725023543091249
8628,0.0289557799875888
8629,0.16943501575021
8630,-0.19293129855064
8631,0.120865958524476
8632,-0.0887659270561924
8633,-0.0459788190175877
8634,-0.180682904756274
8635,0.316590516828376
8636,-0.215166556418204
8637,-0.213383636797087
8638,0.0183022136380939
8639,0.0789875619680989
8640,-0.256559668822924
8641,0.0709841085221122
8642,0.0587147492326237
8643,0.141600194099716
8644,0.0450067087956714
8645,0.0859224035561009
8646,0.324821894615854
8647,-0.0137619760288457
8648,0.0186320054219245
8649,-0.0625175420645678
8650,0.0180522270428644
8651,-0.12840940031628
8652,0.0889516049969546
8653,0.158280754644453
8654,-0.0626909805153506
8655,0.141713130340311
8656,0.10613230328555
8657,-0.102061320919921
8658,0.00865965833686427
8659,-0.122865562795034
8660,0.148250016203443
8661,-0.101285429658483
8662,0.107470133272798
8663,0.224027497156725
8664,-0.0491762525255049
8665,-0.138816350725162
8666,0.449636106425701
8667,-0.291334017082302
8668,0.15848156999165
8669,-0.000427365217722797
8670,-0.203172687526524
8671,0.066155959250167
8672,0.0269500715371603
8673,-0.13469202446641
8674,0.0131006149215474
8675,-0.318066069778163
8676,0.0125860004725014
8677,0.11466988315325
8678,0.1116003117643
8679,-0.0177596461278854
8680,-0.279964598723435
8681,-0.0277283611806552
8682,-0.0887530220144324
8683,-0.045493187121168
8684,-0.152850016519921
8685,-0.138459244187231
8686,0.0110552673703855
8687,0.103401071311601
8688,-0.0440851548901356
8689,-0.0374983183466841
8690,0.105571470264848
8691,-0.219591059366502
8692,-0.170558254213827
8693,-0.0806877186192105
8694,-0.0559148912206945
8695,-0.148848833816919
8696,-0.0382706388079743
8697,0.104881531514252
8698,0.179078166984963
8699,-0.105244498990242
8700,-0.0850640669156475
8701,0.102860636459846
8702,0.0637566265102534
8703,0.142453117833728
8704,0.256623835998884
8705,0.0483633537693937
8706,-0.0184244326880482
8707,0.00406598955996388
8708,0.149914562904748
8709,0.0465072732856691
8710,0.0334507819281533
8711,0.0722815935993969
8712,-0.00601355867958914
8713,-0.0963572075326036
8714,0.0504224126511118
8715,0.02931347389809
8716,0.0361390125502352
8717,-0.0192498037004694
8718,-0.352679162893225
8719,0.193637371137461
8720,0.024785243626343
8721,0.142433411863597
8722,-0.0891540237145593
8723,-0.0153704586568594
8724,-0.127832773977645
8725,-0.0129445791058539
8726,-0.133770886186201
8727,-0.0929322455544578
8728,-0.0393772541026714
8729,0.159101816873079
8730,-0.302432837069863
8731,-0.175609839007884
8732,-0.0137471989589275
8733,0.160236019984755
8734,0.188643251482038
8735,-0.107737715121402
8736,0.0431104356822715
8737,-0.00209609829293721
8738,-0.176310897597354
8739,-0.0589489599467884
8740,-0.095149913669774
8741,0.165638305938216
8742,0.00284987353149886
8743,-0.0017608465019794
8744,0.137676225113669
8745,0.191228825950519
8746,0.00493970789627787
8747,-0.0245004375446558
8748,-0.0234508144203783
8749,0.171771045803755
8750,0.183296418109964
8751,0.0519115637565694
8752,0.0116317125505504
8753,0.234801746898165
8754,0.0262356976811922
8755,0.170234626685097
8756,0.212756605473565
8757,0.0384633020864805
8758,0.0216636021636999
8759,-0.227021191890599
8760,-0.184554968700978
8761,-0.16847201808074
8762,-0.158014763948415
8763,-0.0971314610932197
8764,-0.0618255435801515
8765,0.0502846956903064
8766,0.204739677640433
8767,0.106621654767633
8768,-0.0220109357770383
8769,0.0178217973528988
8770,-0.149198487775253
8771,-0.0628488901517128
8772,-0.182951770476552
8773,0.0700702549524222
8774,0.203175066957693
8775,0.0870676597550133
8776,-0.219633280218117
8777,-0.0670671418951108
8778,0.0216666949878166
8779,0.178001782261797
8780,-0.0919030613829119
8781,0.0249362032092784
8782,0.0718613421178234
8783,-0.0839701828846164
8784,0.0720901011141079
8785,-0.0308822206717886
8786,0.104446058563795
8787,0.163299424102234
8788,0.0726783504033594
8789,0.00257378097043767
8790,0.0155515278538983
8791,-0.214157001978981
8792,0.205723575495597
8793,-0.404985709547607
8794,-0.212707701161119
8795,-0.269281684579972
8796,-0.033898559624437
8797,0.00441555242019988
8798,-0.101935126165786
8799,-0.0314919016152333
8800,0.0881607099650393
8801,0.0817439577267287
8802,-0.260618638134767
8803,-0.17425614135707
8804,-0.130119129008554
8805,-0.0802180392120707
8806,-0.238852310115232
8807,0.011280435445845
8808,0.170031403718139
8809,-0.0732165647393964
8810,-0.14838593506608
8811,-0.152909656915254
8812,-0.0197191598118776
8813,0.0961449585518444
8814,-0.0544672130742715
8815,0.100290612799959
8816,-0.07146563091838
8817,-0.00834224473615947
8818,0.0140771524393078
8819,-0.0542671350539989
8820,-0.005797610035038
8821,0.119893255474324
8822,-0.102219483778435
8823,-0.140760026278061
8824,0.0313950812776168
8825,-0.0646690920149429
8826,0.169183937645715
8827,-0.0986496975220459
8828,0.213237565022096
8829,-0.130813220986396
8830,0.074301488247427
8831,-0.0694117679862884
8832,-0.174992807755967
8833,-0.212675298654401
8834,-0.0170987277606602
8835,-0.222583947408982
8836,-0.0410639014703835
8837,-0.182174070318918
8838,-0.00462374952984283
8839,0.0953733361557132
8840,0.110876127751204
8841,0.0150597495375562
8842,-0.248386437360883
8843,-0.204798755239112
8844,-0.313118026495178
8845,-0.0246767580784536
8846,-0.0827585568943145
8847,-0.0451086736549284
8848,-0.0306084482194536
8849,-0.054654695863475
8850,0.254916972545237
8851,0.0477164939355738
8852,0.261307029905263
8853,0.0446730295286823
8854,-0.25194590025106
8855,0.143755726760795
8856,-0.14174080713245
8857,-0.184050954590924
8858,0.317467459550174
8859,-0.101281046660535
8860,-0.0882439732722987
8861,0.0351362195096889
8862,-0.0845002228163237
8863,0.238099791332091
8864,0.0223162408915696
8865,0.111489698421671
8866,0.0189873137822169
8867,-0.109364729112152
8868,0.180459612378078
8869,0.0464974180248933
8870,-0.0214518104500806
8871,-0.156669579682348
8872,0.260170244657924
8873,-0.043321495607838
8874,0.104459223878762
8875,0.177190138448569
8876,0.0331166263939896
8877,0.047231333692473
8878,0.0759697633837381
8879,0.0632041853371594
8880,0.0593478218048607
8881,0.247514091442434
8882,0.119140741385001
8883,0.0954766118073367
8884,-0.088920159737638
8885,0.0169719466765317
8886,-0.0236922194738103
8887,-0.050341578179235
8888,0.297224744787255
8889,-0.3243375925169
8890,-0.000733695832588865
8891,0.109959609717427
8892,0.0011969248085566
8893,-0.152130011410372
8894,0.139660126416873
8895,0.250822527698149
8896,-0.0899053973616462
8897,0.118755883766551
8898,-0.0759604880684294
8899,-0.0279064173063747
8900,0.143544090984748
8901,-0.0807092866985646
8902,-0.0911240950907126
8903,-0.21233749559032
8904,0.0714681891448313
8905,0.0700839440248068
8906,0.175546536072466
8907,-0.0161903508293582
8908,-0.175863422389026
8909,-0.0369513477859286
8910,0.119580691071461
8911,0.0074487443184523
8912,-0.174181891613321
8913,-0.0983069879097135
8914,0.126157185260902
8915,-0.120993960695763
8916,-0.0266339891759735
8917,0.135980390090252
8918,-0.14898300760453
8919,0.076976769623276
8920,0.0333461257189905
8921,0.161748411215018
8922,-0.137649590806112
8923,0.221168455960872
8924,0.107205768119942
8925,-0.0165946679521663
8926,-0.294269468150959
8927,0.203894755995398
8928,0.106206465984597
8929,-0.03197157479906
8930,-0.358455059536256
8931,0.27263607066931
8932,0.14551568502081
8933,-0.258517249772678
8934,0.033120234412641
8935,-0.241191506008909
8936,0.0983898710487071
8937,0.24366263787429
8938,-0.175001913596834
8939,0.149607847733948
8940,-0.160443148199195
8941,-0.0179452385903807
8942,-0.0501257630577636
8943,-0.0545969241240876
8944,0.0434666981941868
8945,-0.177672237518666
8946,-0.10660392325197
8947,-0.0908364390251682
8948,-0.154423276725345
8949,-0.115269561007204
8950,-0.0507413367126853
8951,-0.00788250042868785
8952,0.128334051209001
8953,-0.0104161407438963
8954,0.143881252116712
8955,-0.188276861480604
8956,-0.171175593688088
8957,0.296893871065674
8958,-0.0394415844435708
8959,0.0571582288400363
8960,-0.000999537168425185
8961,0.0827608731657657
8962,0.115845378085846
8963,-0.072625878685135
8964,-0.222455957716083
8965,0.0420036593065299
8966,-0.0240382495028864
8967,0.0313704972224122
8968,-0.017128636866109
8969,-0.0639925183408757
8970,0.117129611114651
8971,0.158901772075133
8972,0.0506746414046889
8973,-0.0670117435473495
8974,-0.183204207700142
8975,-0.0524354735078574
8976,-0.0210859702964921
8977,0.154420763692722
8978,0.020655120588126
8979,-0.0224669732012492
8980,-0.27283624914186
8981,0.16884840498444
8982,0.131493316576623
8983,-0.0335308393702165
8984,0.0449307530391134
8985,0.12568273203595
8986,-0.0250077641150937
8987,-0.198098253882948
8988,-0.033586774898035
8989,0.0266830893148274
8990,-0.175929537384155
8991,-0.103397572286622
8992,0.320620960342087
8993,-0.0283745068215767
8994,-0.188824142030562
8995,0.270944748505986
8996,-0.0402186854115283
8997,0.0722512651599217
8998,-0.0915157463785098
8999,-0.10600278064698
9000,-0.0137951577664552
9001,0.0489712500674583
9002,-0.257504680459433
9003,0.211413705064735
9004,-0.0430766378741794
9005,-0.128134755085792
9006,-0.115986737463966
9007,-0.109592512209876
9008,-0.0462846460047188
9009,-0.0683341003854907
9010,0.0748674337795121
9011,0.108143995443444
9012,-0.0538183528528914
9013,0.0942369679182602
9014,-0.192098913274362
9015,0.17665003010478
9016,-0.035091962377847
9017,0.00494322013262327
9018,0.128572915899926
9019,-0.0763722005337514
9020,0.312830660022474
9021,0.0516777004374781
9022,-0.155606936759632
9023,-0.0520717985377554
9024,-0.0824242196699073
9025,-0.25622331703593
9026,0.184423337404471
9027,0.212511713830036
9028,0.153604220999114
9029,-0.038462773720005
9030,0.0709386953459525
9031,-0.00468157292895104
9032,0.214292815446202
9033,-0.0919855757006026
9034,-0.173752162006037
9035,0.171126624040204
9036,0.0337260385514897
9037,0.12651881803837
9038,0.212060491015806
9039,0.0277038192939376
9040,-0.0382111080225283
9041,0.00953439823821658
9042,-0.0141098527221016
9043,0.0327246842301867
9044,-0.203966931318045
9045,-0.154589086477096
9046,0.296081807719218
9047,0.136482337118302
9048,-0.027122591829108
9049,-0.112032927913864
9050,0.0485120280078489
9051,-0.459447348894716
9052,0.434923746088529
9053,-0.180916082927088
9054,-0.239019653616451
9055,0.068701569519695
9056,0.0100074848932349
9057,0.129431052590577
9058,-0.154112501383405
9059,-0.252212262212026
9060,0.136358256588491
9061,0.0207033729580669
9062,-0.150695811640848
9063,-0.145870720957817
9064,0.0601047972716063
9065,0.420978475512279
9066,-0.197435470285404
9067,-0.265544824019026
9068,-0.0830123291692468
9069,0.0183096462807767
9070,0.267099484813516
9071,-0.14149580280246
9072,-0.0390331139690813
9073,-0.125282180620116
9074,0.147047521098021
9075,-0.103192249432134
9076,-0.18971761102593
9077,0.20837798283625
9078,-0.0516130798021729
9079,0.241750500037225
9080,-0.0437168509203659
9081,0.00580964505627621
9082,-0.0487487173423244
9083,-0.340546684101916
9084,0.37147942213737
9085,0.108328471490804
9086,-0.104527162899965
9087,0.0706999536122172
9088,0.0203906393882087
9089,0.194293485752598
9090,-0.122369417498726
9091,-0.118427945344676
9092,-0.13190461477706
9093,0.0549637439009884
9094,-0.157880121534568
9095,-0.0599737420705662
9096,0.303236673153848
9097,0.268030815773626
9098,-0.114817892028357
9099,-0.18311935776241
9100,-0.0587880915011494
9101,-0.166363426039766
9102,0.0238108847614046
9103,-0.165948020002064
9104,0.0498726609214186
9105,0.0401744840311605
9106,0.252837526127264
9107,-0.022008678362291
9108,0.0140296303121287
9109,-0.00668882196227113
9110,0.0283412240184108
9111,-0.212723757003407
9112,-0.0431576223577343
9113,0.195748427680068
9114,0.0559946332892014
9115,-0.171915636773473
9116,0.048129510302706
9117,-0.104684892811692
9118,-0.0417906807427881
9119,-0.254387723892093
9120,0.0560418782331464
9121,-0.0582670821137941
9122,-0.049036552328881
9123,-0.198783186121219
9124,0.130453584098784
9125,-0.0212122620933404
9126,-0.00938073635488021
9127,-0.0282795340517682
9128,-0.0618009067715082
9129,-0.16363495753091
9130,-0.0119409441614465
9131,0.00225887632891817
9132,-0.169938482313615
9133,-0.0226744116168448
9134,0.244932541984188
9135,-0.0321280749998763
9136,-0.0768874883482373
9137,-0.0330981941199261
9138,0.0329949079516552
9139,-0.0378222548929462
9140,0.226233256592649
9141,0.0226347732096046
9142,0.218272152420699
9143,0.113943165950131
9144,0.232304139019107
9145,-0.0773580083783867
9146,0.255166947320979
9147,0.15919629235583
9148,-0.0335273327731601
9149,-0.228309750617309
9150,0.0444147951525931
9151,-0.264784371473792
9152,0.0181226414915082
9153,-0.044991025129608
9154,0.0125554998301194
9155,0.0899822107031835
9156,0.0930088494414181
9157,-0.000224906476019304
9158,0.0403151258322993
9159,0.147544138205816
9160,0.090002902013634
9161,0.0482265974147563
9162,-0.0876784707203579
9163,0.00328030098378601
9164,0.0336743374389185
9165,-0.074961854154887
9166,0.181833957946239
9167,0.328359954827084
9168,0.0102093048670065
9169,-0.0678991911077112
9170,0.303778537246514
9171,-0.355855640405526
9172,-0.0396809537321327
9173,-0.191133182795226
9174,-0.0185607934901014
9175,-0.270895790148954
9176,0.11945460964475
9177,0.116322057645651
9178,0.0576926611931429
9179,0.335997797480966
9180,-0.0195351100006231
9181,-0.0359630757420702
9182,0.0100247183121901
9183,-0.238276890628688
9184,0.179035859369969
9185,0.113448886764146
9186,0.196736338948056
9187,-0.0110061030302318
9188,0.0283038267517763
9189,-0.0240635679909654
9190,-0.0907509742608866
9191,-0.242306158175574
9192,-0.0920403405858327
9193,0.129803297442728
9194,0.00414422148043724
9195,-0.0395552198429732
9196,-0.281882150562283
9197,0.0553139329002344
9198,0.0378505158424679
9199,0.14887549528092
9200,0.0595255301564408
9201,0.182731554675789
9202,0.264880916343901
9203,0.0560269640078381
9204,0.0541753241007151
9205,0.303898946112218
9206,0.0281879796200886
9207,0.19161528350805
9208,-0.176909480952086
9209,0.0627296014897137
9210,0.370644437341896
9211,0.0284403690421703
9212,0.254029707178153
9213,0.209969627310739
9214,-0.028657305432098
9215,-0.134890923807985
9216,-0.250959053932269
9217,0.245543500029087
9218,0.0808372387099789
9219,-0.080335168051798
9220,-0.227134138084934
9221,-0.0616613906455332
9222,0.0993926297103638
9223,-0.0558904707764563
9224,0.0564534825139158
9225,0.2572584268943
9226,-0.198577540729669
9227,0.193788949343164
9228,0.300883787451738
9229,0.161715572165238
9230,0.207579460683628
9231,-0.00936738640740398
9232,0.148583054089023
9233,0.0232185445555429
9234,0.323066213026684
9235,-0.167291811112371
9236,-0.129921784092324
9237,-0.0262843010752212
9238,-0.384450093996688
9239,-0.132208277492457
9240,0.0133579864279967
9241,-0.217035935103808
9242,0.208974621108234
9243,-0.0636884230666785
9244,0.304480264694949
9245,0.172618185827686
9246,-0.11891635918146
9247,-0.187614767226699
9248,0.0300106977784787
9249,-0.049412407716796
9250,0.0874827198167914
9251,-0.0915958421679622
9252,0.172189563604835
9253,-0.400530454337764
9254,0.0123148544056974
9255,-0.149182230510971
9256,-0.00106967726628132
9257,-0.262052211022343
9258,-0.0606516343612316
9259,-0.111583222065066
9260,0.00153980929692794
9261,-0.049664091557795
9262,0.0939408886659763
9263,-0.0664220424654163
9264,0.069490019916161
9265,-0.126317589531199
9266,-0.085708588792901
9267,0.151224662561222
9268,0.162366161563897
9269,-0.118622897897435
9270,-0.0213428491802473
9271,-0.153434022300829
9272,0.0719438382782746
9273,-0.0513755173848765
9274,0.0791085053742804
9275,-0.300551881743858
9276,0.0814835242735622
9277,0.0324598403911604
9278,0.113479627068057
9279,0.0407638178324969
9280,0.0703894445715602
9281,0.0418459005147557
9282,0.253543114875073
9283,0.179905736438273
9284,-0.104243625636259
9285,-0.00738754504645625
9286,0.121933313532551
9287,-0.0933544259767274
9288,-0.00771583347568822
9289,0.193751643589673
9290,-0.065637024299915
9291,0.178001516279599
9292,-0.0188545338209918
9293,-0.274377035770852
9294,-0.133957910983096
9295,-0.270508096627404
9296,-0.107433876834475
9297,-0.242689632375975
9298,0.223833873702602
9299,-0.120296140230707
9300,-0.266642164042634
9301,0.0438204738856721
9302,0.0994964039727749
9303,0.112186759830294
9304,-0.0328716351521523
9305,-0.0469043782253772
9306,-0.00235929536552857
9307,-0.23164089708122
9308,0.148854465756969
9309,0.00893283057433242
9310,-0.129917410059461
9311,0.144097524386967
9312,0.125989039780722
9313,0.0574738629092327
9314,-0.244482556430723
9315,-0.25276761634243
9316,-0.0816574442368213
9317,-0.113261499330435
9318,-0.124014538458333
9319,-0.017732358310073
9320,0.0184864696888538
9321,-0.248767300929494
9322,0.164111581366238
9323,-0.145701122434841
9324,-0.129709497590228
9325,0.088760366888432
9326,-0.131170683757832
9327,-0.28791023140139
9328,0.0414138366663861
9329,0.173087857671817
9330,0.00798094962350111
9331,0.0296457623772235
9332,-0.0571433438798554
9333,-0.15152193365846
9334,0.150892875459292
9335,0.0633589900331048
9336,0.0307630227084105
9337,0.033028430655578
9338,-0.0922389661121771
9339,0.153005472697032
9340,0.0958321951206897
9341,-0.378081474500574
9342,-0.152096599149401
9343,-0.0385863436827773
9344,0.117234959129291
9345,-0.0687438263795754
9346,-0.141541583965266
9347,0.0244538463747362
9348,-0.154327821646015
9349,0.0452687339902912
9350,0.130122479976968
9351,-0.19019917516554
9352,-0.0292723988184647
9353,-0.176685403401592
9354,-0.12803667841371
9355,-0.298018106222075
9356,-0.232482827500977
9357,-0.226762175581703
9358,0.12903744339203
9359,0.133265950628009
9360,0.130488632819469
9361,-0.204193435275476
9362,-0.111978691794232
9363,-0.20785137247809
9364,-0.163312304231801
9365,-0.0558950683260755
9366,0.144216508001098
9367,0.0788896029478985
9368,0.102087665475773
9369,0.0366636547078034
9370,0.336395291980078
9371,-0.167527891617739
9372,0.00033640345605418
9373,-0.167508480658782
9374,0.0802675017008846
9375,-0.276799614043502
9376,-0.257273381776791
9377,0.0469019233313841
9378,0.00365510670290242
9379,-0.0790699691200401
9380,-0.187090551097065
9381,-0.257359114145243
9382,0.0800321045116433
9383,0.0532529618953435
9384,0.263579002284103
9385,-0.252027781797588
9386,-0.134684374642245
9387,0.0207560568399746
9388,0.033827922022817
9389,1.78130554094533e-05
9390,0.0474767069772391
9391,0.0977273570167973
9392,0.230223313199378
9393,0.070521008188206
9394,0.120367977619261
9395,-0.295091777279039
9396,-0.262585386104818
9397,0.191216521633391
9398,-0.102130927708232
9399,-0.101009702412625
9400,0.0657061183002096
9401,0.0381769560469384
9402,-0.0430196284102707
9403,-0.373364176413203
9404,0.00210918886215486
9405,0.0406174367737825
9406,0.0830734130289593
9407,-0.0336233966635746
9408,0.102745160699035
9409,-0.0820073797941746
9410,-0.116150785224922
9411,-0.0374132748822777
9412,0.260729284287822
9413,-0.0626849034940596
9414,-0.0741241812176808
9415,0.019701904299288
9416,-0.126805667806061
9417,-0.068709600909188
9418,-0.100697874289516
9419,-0.0897617391132604
9420,-0.0896377045329688
9421,0.078081024519641
9422,-0.213227211589481
9423,-0.235057945749013
9424,-0.0578221536081539
9425,0.0998549268263911
9426,-0.159978249251836
9427,-0.0381073998172224
9428,-0.186736976244932
9429,0.114453763933771
9430,0.231711943161785
9431,0.0842403193371629
9432,-0.021208108753876
9433,0.159373696791183
9434,0.112375542434034
9435,-0.204607929070491
9436,0.178606309089586
9437,0.149780919698863
9438,-0.224339862737223
9439,0.0786200657462988
9440,-0.174259528390487
9441,-0.0526342015713767
9442,-0.180558061597531
9443,-0.103393871137879
9444,0.121661219181579
9445,0.345284408805417
9446,-0.0568367093681815
9447,0.131842700441388
9448,0.0336804666363831
9449,-0.0430353133876437
9450,0.166873472878814
9451,-0.245538049388178
9452,0.122368979436476
9453,-0.107737015521566
9454,-0.0389353418158649
9455,-0.0611196433286234
9456,0.107372896098686
9457,0.091378468362552
9458,-0.0550805444331798
9459,0.0243894089319365
9460,0.387214480410428
9461,-0.0550121777552494
9462,-0.198279892880137
9463,-0.0442825907670787
9464,0.0687355376871591
9465,0.117166779805026
9466,0.247275224401848
9467,0.180718188090175
9468,0.0708649090064608
9469,0.175485883508492
9470,0.226007956302621
9471,-0.0517108795118946
9472,-0.00671424587502058
9473,0.00824091672912685
9474,-0.0977958017441542
9475,-0.111593677605315
9476,-0.252612196793021
9477,-0.303556072543771
9478,-0.153652941549826
9479,0.0271825020760671
9480,0.149448362742059
9481,0.0731036571688091
9482,-0.155523878555885
9483,-0.185739478519204
9484,0.0535298780259939
9485,0.205995552880155
9486,-0.0195506790249415
9487,0.0133561220807604
9488,-0.15425719272468
9489,0.132863857338411
9490,-0.0798844865736382
9491,-0.0371870739560414
9492,-0.0496838906868666
9493,-0.124278904641127
9494,0.393331766687444
9495,-0.0681866650064588
9496,0.0213294453593348
9497,-0.145936717142265
9498,0.032133630476638
9499,0.00696545044471616
9500,0.0267310035329617
9501,-0.0282736525703672
9502,-0.0368390596575776
9503,0.0456279477304602
9504,0.0411922612169694
9505,0.0956138810899025
9506,0.0775382399605259
9507,-0.0272172282248211
9508,0.134403836782844
9509,0.140860800241519
9510,-0.135720106556021
9511,-0.0731374695814468
9512,-0.349420693180642
9513,0.254518489413611
9514,-0.288025958260699
9515,-0.308000136059937
9516,0.289117561254922
9517,0.00540532715361511
9518,-0.218805950170232
9519,0.0616077148948358
9520,0.226675831307348
9521,-0.00563507073641037
9522,0.136814945930804
9523,0.0310196522345638
9524,0.267379871335515
9525,0.0656202788706172
9526,0.28418008204526
9527,0.0654551289357867
9528,-0.0287302167153087
9529,0.033339606470923
9530,0.373582563074348
9531,0.0467697820964088
9532,-0.113615713071719
9533,0.0857798271083798
9534,-0.0293467934651783
9535,-0.121073448872829
9536,-0.290163744015939
9537,-0.0711772754908092
9538,0.357166473616299
9539,-0.0498512383796646
9540,0.0635165031916115
9541,0.0315776302933072
9542,0.0440191747974403
9543,0.0465642500749513
9544,-0.00522085443903658
9545,-0.149786006568267
9546,0.313477479228747
9547,-0.193131649856627
9548,-0.0655194143027586
9549,0.180933795578456
9550,-0.0630172264284779
9551,-0.314033313377207
9552,-0.155209710745097
9553,0.0749624062337671
9554,0.0457075871486464
9555,0.0690458524787034
9556,0.361038060151566
9557,0.0512795270322644
9558,-0.288736981188149
9559,0.0100669220515671
9560,-0.196095950123423
9561,0.0886438561661857
9562,-0.132180852315739
9563,-0.10852157699202
9564,-0.034501584533697
9565,0.224675321546267
9566,-0.440457275634504
9567,-0.101412507885393
9568,-0.185145048749195
9569,-0.0999881009692089
9570,-0.107198906135558
9571,0.183032936628659
9572,0.0681556038602765
9573,-0.02592994104884
9574,0.0565596796779037
9575,0.119691910565436
9576,-0.124026338162478
9577,-0.314939094623526
9578,-0.201338944250327
9579,0.185581311636595
9580,0.115077554622964
9581,-0.149118186618978
9582,-0.0558598608844765
9583,0.0397271247670929
9584,0.0119252233008241
9585,-0.00340651732667115
9586,0.165103754803691
9587,-0.0231024422156949
9588,-0.141789435441258
9589,-0.331016873105884
9590,-0.0784200243143754
9591,-0.0159918740848795
9592,0.238921987450106
9593,0.130244713059815
9594,0.0846289320023199
9595,-0.165639910562118
9596,-0.203358226516749
9597,0.0675062078694748
9598,0.0196709469017509
9599,-0.0217846901885264
9600,0.0244281421064021
9601,-0.25050542481128
9602,0.117528621908688
9603,0.32637507077612
9604,-0.0814181194941127
9605,0.109444911802239
9606,0.048488974251852
9607,-0.046216460002776
9608,-0.0662217727312236
9609,-0.0665759899906819
9610,-0.0149755234754761
9611,-0.151673946576931
9612,-0.0690019930281919
9613,-0.0448155069272041
9614,-0.092653589345122
9615,-0.145284206454298
9616,-0.0119055352929405
9617,-0.143992554003759
9618,0.100706000841814
9619,-0.192215638722865
9620,-0.0127210856205139
9621,-0.053372253528465
9622,0.21557094465579
9623,-0.0184521482921121
9624,-0.186873830795498
9625,-0.11770505428756
9626,-0.0203160342494982
9627,-0.149536460618439
9628,0.164348326663021
9629,0.119607119376668
9630,0.132040487411949
9631,0.135842966639857
9632,-0.150267942049529
9633,0.079326598610868
9634,-0.194978578527412
9635,0.226727683698692
9636,0.108731339786882
9637,0.0634198841210045
9638,-0.0126539597482893
9639,0.141165029179678
9640,0.316155861519529
9641,0.291342823813706
9642,0.234161534937736
9643,0.0569984078254466
9644,-0.0812015951323389
9645,-0.137290201410118
9646,0.0541939301871855
9647,-0.169572662745148
9648,0.0115167231584417
9649,0.349015988643818
9650,0.28458166734055
9651,-0.253806181174197
9652,0.115011509308251
9653,-0.04304129268325
9654,0.0559555618704922
9655,-0.0163129402841449
9656,0.0299428973596008
9657,-0.0768873140780888
9658,-0.294815843059769
9659,0.172685665692454
9660,0.180736205389699
9661,0.106893895962902
9662,0.135318250823918
9663,0.0983137155095814
9664,-0.105545686151481
9665,0.00117542392883589
9666,-0.0232672443279789
9667,-0.231436499171971
9668,-0.0530783061930998
9669,-0.18228324909695
9670,0.535948627876302
9671,-0.0803116624608345
9672,0.193431823487214
9673,-0.207715110063829
9674,0.0871705881447495
9675,0.244615620288892
9676,-0.0755331641348665
9677,0.107192048196773
9678,0.141004048250616
9679,-0.0823303815680259
9680,-0.224125010326837
9681,-0.216072371029038
9682,-0.126237781446382
9683,-0.0446277531245944
9684,-0.114159102713755
9685,0.101706134982012
9686,0.0697796987721421
9687,-0.313406908050782
9688,0.281263053064184
9689,0.0819231605422901
9690,-0.200800779708984
9691,-0.330391595346762
9692,0.0567547189478878
9693,-0.0156850566402712
9694,0.0265939800110236
9695,-0.158250919379369
9696,-0.306456563095795
9697,0.0431642985237275
9698,0.105135043096347
9699,-0.21833094124425
9700,-0.134928257011858
9701,-0.100596559967922
9702,0.0857043642762227
9703,-0.0319327259334405
9704,0.109247745498392
9705,-0.0959594176017993
9706,-0.0490299984863363
9707,-0.184408352732726
9708,0.0557001034896466
9709,-0.0410950837802417
9710,0.0803435853061526
9711,0.10124682817633
9712,-0.02986771453622
9713,-0.377393331567786
9714,-0.222247079823211
9715,-0.128035811425442
9716,-0.0727769193314454
9717,-0.0540987352386424
9718,-0.0981390123207833
9719,0.0122256986937563
9720,0.0899860292126782
9721,-0.182807913237093
9722,-0.240896264886405
9723,-0.256046828913496
9724,-0.0918132078265937
9725,0.204748906366748
9726,-0.398803983678261
9727,-0.00814408387493764
9728,-0.0967256959772926
9729,-0.145986259161731
9730,-0.123126194946822
9731,0.196526655374223
9732,0.388351131834838
9733,0.180032996147358
9734,-0.404333296074603
9735,0.234450225832056
9736,0.0546912460005891
9737,0.0296730597305252
9738,0.0197296819322753
9739,-0.0191867237128486
9740,0.0829802992541223
9741,0.166641897557586
9742,0.0605220166102716
9743,-0.0992007603412637
9744,-0.00195078152386721
9745,-0.133188778378468
9746,0.404178912436819
9747,0.071882637315883
9748,-0.0360844959498643
9749,-0.0955732714166242
9750,-0.0569159046008867
9751,-0.0268838094529751
9752,0.212477242061406
9753,-0.0556969686834754
9754,-0.131178438516526
9755,-0.251151230955258
9756,0.0131331570656109
9757,-0.333955043061898
9758,-0.105752559338404
9759,0.254079770518209
9760,0.0605804152545136
9761,0.0527254376969052
9762,0.176961513090235
9763,-0.372968145307174
9764,-0.213211745569438
9765,-0.146950339029028
9766,-0.0549525626166936
9767,-0.273167927564794
9768,-0.091604607825615
9769,-0.200590544326506
9770,-0.167065234666732
9771,-0.0216448629662818
9772,0.244413235798409
9773,0.125012739343411
9774,0.114745723479374
9775,-0.0779774642455728
9776,0.0299670050274355
9777,0.159144760534861
9778,0.135431677024523
9779,0.033599796217293
9780,-0.0295775067341776
9781,-0.0901619366694382
9782,0.0490151209080804
9783,-0.194970851863482
9784,0.0818526705834984
9785,0.145502758134116
9786,0.335274731801641
9787,-0.216673028689242
9788,0.203981035220503
9789,0.0341367387533624
9790,0.202343542831279
9791,-0.132719631403881
9792,0.19752478072928
9793,-0.106695070465881
9794,-0.166493883965044
9795,-0.0594888866981048
9796,-0.12212728756558
9797,0.258287887603745
9798,0.0433168351281217
9799,0.00205121866203704
9800,0.109458583119655
9801,0.0245297940319541
9802,-0.0555336918560799
9803,-0.0907675554510402
9804,-0.0818342956201428
9805,0.129124782012596
9806,-0.0184643423538851
9807,-0.241243601727575
9808,-0.0303912295728256
9809,0.0424194218815661
9810,-0.228201468461616
9811,0.0108098033275837
9812,-0.0308555001431738
9813,-0.0320805638433976
9814,-0.106091403021257
9815,0.0657847242085309
9816,-0.0341319058124658
9817,-0.012178606554479
9818,0.18005961827811
9819,-0.116759455183373
9820,-0.0594983108968928
9821,0.181500961704249
9822,0.1127977554426
9823,-0.129785210421707
9824,0.0269524368997657
9825,-0.369018071865795
9826,0.215268615568602
9827,-0.0413679860723772
9828,0.343400531612125
9829,-0.0551584197172017
9830,-0.133816345710638
9831,-0.171332585428177
9832,0.00401419929594046
9833,0.196765165097029
9834,-0.00552538148328069
9835,-0.222852597755359
9836,-0.12610605767741
9837,0.113733461039852
9838,0.113425082944877
9839,-0.0938203532562668
9840,0.102873265363027
9841,-0.253521995297683
9842,0.244790024401647
9843,0.0300194228304417
9844,-0.0345640008527508
9845,-0.0754142826914733
9846,0.24165214492368
9847,0.268860354511603
9848,0.120658246238608
9849,-0.148348012585218
9850,0.0915125401755196
9851,-0.064248871732744
9852,0.096444244525725
9853,0.378788565763356
9854,0.132116679167733
9855,0.014023408968493
9856,-0.0181478293310147
9857,-0.177900642701952
9858,-0.127587442914502
9859,-0.0129780425692878
9860,0.106531418016355
9861,-0.358978971669941
9862,0.226767713658129
9863,0.0839133077338932
9864,-0.0254107497280784
9865,0.112204219775354
9866,-0.130682338040756
9867,-0.200474121034129
9868,-0.25999775127489
9869,0.203385765361179
9870,0.0264185707131574
9871,0.21600485279338
9872,-0.00115334102358237
9873,0.0378614599333354
9874,0.226950039549951
9875,0.0344577260352973
9876,-0.0686578545811004
9877,0.11096556621402
9878,0.19419693555296
9879,-0.0229461546325615
9880,0.0596109386727035
9881,-0.337446366315123
9882,0.0702908293736512
9883,0.149402340708492
9884,0.0968603165506789
9885,-0.0298790610579156
9886,0.164313175636294
9887,0.0640014557533761
9888,0.202335798202969
9889,0.136928344824419
9890,-0.00550709321634718
9891,-0.101318749433328
9892,-0.00508408299685993
9893,-0.00482767691000541
9894,-0.138604271077052
9895,0.147506977269826
9896,-0.0424636990535553
9897,0.247436247367983
9898,-0.0104107203448013
9899,-0.0211692163374441
9900,-0.059546463351133
9901,0.136457053971719
9902,-0.240648522893375
9903,0.0808852953804936
9904,0.0763066213401845
9905,0.0437397559476223
9906,-0.160369724487587
9907,0.0838534032357473
9908,-0.169271345888161
9909,-0.181561406389401
9910,-0.0576072422706739
9911,-0.170594604997793
9912,0.0621317595869298
9913,-0.0774550331675312
9914,-0.0945377763639922
9915,-0.152490765620338
9916,-0.113089820361034
9917,0.0238462043668576
9918,0.299481793913856
9919,0.0183423763465926
9920,0.248945701264334
9921,-0.0757149898911705
9922,-0.185467833693353
9923,0.0509594604857087
9924,0.101118699527036
9925,0.0723173466656095
9926,0.0883747954956354
9927,-0.102764579420008
9928,-0.0607352398249597
9929,0.196449692703423
9930,-0.139667038589102
9931,0.126122269348031
9932,0.106045196902796
9933,0.11579771456356
9934,0.0940717989034433
9935,0.0217547207072039
9936,0.445911782210156
9937,-0.157744818621606
9938,0.0699449955725802
9939,-0.162943052764765
9940,-0.159610302716325
9941,0.00588439978756189
9942,0.116538390392546
9943,0.0200127298223277
9944,-0.24095848614923
9945,0.142952304168953
9946,-0.0382313828732792
9947,-0.200939961394009
9948,0.0728918463388589
9949,-0.115836104640684
9950,-0.243921884298676
9951,-0.244887544396426
9952,-0.114849203143754
9953,0.0257254719653159
9954,0.150193621355278
9955,-0.226931150606694
9956,-0.0640487233558011
9957,0.220965754057506
9958,-0.231257671523461
9959,-0.0340634241206609
9960,-0.306256584278361
9961,0.16356079593293
9962,0.108329962769128
9963,-0.15438519244151
9964,-0.243928423131245
9965,-0.0985435332864259
9966,0.123543704843721
9967,-0.00702315183650575
9968,-0.0933214522783403
9969,-0.0237778825337315
9970,0.121358861601903
9971,-0.318403524354175
9972,-0.0580623779150518
9973,-0.0969561497790094
9974,0.138523928549141
9975,0.21670061693737
9976,0.204612585504276
9977,-0.171660457624149
9978,-0.380827810359595
9979,0.0569965579997584
9980,-0.0361425928500811
9981,-0.0620536033470059
9982,0.0813753237976985
9983,-0.0152424881253021
9984,-0.00696122070614154
9985,0.168397345589526
9986,-0.178697697663932
9987,-0.114768712302811
9988,0.0601217483283145
9989,-0.207026653895079
9990,0.00819193291614302
9991,-0.133338484474678
9992,-0.053000741514834
9993,-0.0799234862124608
9994,0.0294610486999149
9995,-0.0918287257196476
9996,0.189562034569016
9997,0.0686552921745822
9998,0.109514802744702
9999,-0.110749170692769
10000,-0.0842063618272522
